ID,OTN_ARRAY,STATION_NO,CONSECUTIVE_DEPLOY_NO,INTEND_LAT,INTEND_LONG,OTN_MISSION_ID,DEPLOY_DATE_TIME,DEPLOY_LAT,DEPLOY_LONG,BOTTOM_DEPTH,RISER_LENGTH,INSTRUMENT_DEPTH,CHECK_COMPLETE_TIME,STATUS_IN,INS_MODEL_NUMBER,INS_SERIAL_NUMBER,SYNC_DATE_TIME,MEMORY_ERASED_AT_DEPLOY,RCV_BATTERY_INSTALL_DATE,RCV_EXPECTED_BATTERY_LIFE,RCV_VOLTAGE_AT_DEPLOY,RCV_TILT_AFTER_DEPLOY,AR_MODEL_NUMBER,AR_SERIAL_NUMBER,AR_BATTERY_INSTALL_DATE,AR_EXPECTED_BATTERY_LIFE,AR_VOLTAGE_AT_DEPLOY,AR_TILT_AFTER_DEPLOY,AR_INTERROGATE_CODE,AR_RECEIVE_FREQUENCY,AR_REPLY_FREQUENCY,AR_PING_RATE,AR_ENABLE_CODE_ADDRESS,AR_RELEASE_CODE,AR_DISABLE_CODE,AR_TILT_CODE,DEPLOYED_BY,GLATOS_STATUS,GLATOS_SEASONAL,GLATOS_STUDY
1,BLL,1,,,,,4/26/2011,46.53548,-84.21334,,,,,FALSE,VR2 W,,,FALSE,,,,,,,,,,,,,,,,,,,,ACTUAL,YES,STM
2,BRS,1,,,,,4/27/2011,46.47057,-84.4601,,,,,FALSE,VR2 W,,,FALSE,,,,,,,,,,,,,,,,,,,,ACTUAL,YES,STM
3,BRS,2,,,,,4/27/2011,46.47314,-84.46475,,,,,FALSE,VR2 W,,,FALSE,,,,,,,,,,,,,,,,,,,,ACTUAL,YES,STM
4,CHR,1,,,,,4/26/2011,46.32385,-84.23487,,,,,FALSE,VR2 W,,,FALSE,,,,,,,,,,,,,,,,,,,,ACTUAL,YES,STM
5,CKI,1,,,,,4/26/2011,46.49511,-84.26829,,,,,FALSE,VR2 W,,,FALSE,,,,,,,,,,,,,,,,,,,,ACTUAL,YES,STM
6,CKI,2,,,,,5/11/2011,46.49664,-84.2621,,,,,FALSE,VR2 W,,,FALSE,,,,,,,,,,,,,,,,,,,,ACTUAL,YES,STM
7,CKI,3,,,,,4/26/2011,46.49564,-84.27901,,,,,FALSE,VR2 W,,,FALSE,,,,,,,,,,,,,,,,,,,,ACTUAL,YES,STM
8,CKI,4,,,,,4/26/2011,46.4946,-84.27208,,,,,FALSE,VR2 W,,,FALSE,,,,,,,,,,,,,,,,,,,,ACTUAL,YES,STM
9,CKI,5,,,,,4/26/2011,46.49582,-84.27356,,,,,FALSE,VR2 W,,,FALSE,,,,,,,,,,,,,,,,,,,,ACTUAL,YES,STM
10,DCK,1,,,,,4/25/2011,46.35817,-84.1351,,,,,FALSE,VR2 W,,,FALSE,,,,,,,,,,,,,,,,,,,,ACTUAL,YES,STM
11,DCK,2,,,,,4/25/2011,46.3603,-84.12911,,,,,FALSE,VR2 W,,,FALSE,,,,,,,,,,,,,,,,,,,,ACTUAL,YES,STM
12,EDS,1,,,,,5/2/2011,46.49858,-84.33344,,,,,FALSE,VR2 W,,,FALSE,,,,,,,,,,,,,,,,,,,,ACTUAL,YES,STM
13,EDS,2,,,,,5/2/2011,46.49879,-84.3339,,,,,FALSE,VR2 W,,,FALSE,,,,,,,,,,,,,,,,,,,,ACTUAL,YES,STM
14,EDS,3,,,,,5/2/2011,46.49855,-84.33418,,,,,FALSE,VR2 W,,,FALSE,,,,,,,,,,,,,,,,,,,,ACTUAL,YES,STM
15,EDS,4,,,,,5/2/2011,46.49831,-84.33359,,,,,FALSE,VR2 W,,,FALSE,,,,,,,,,,,,,,,,,,,,ACTUAL,YES,STM
16,GRD,2,,,,,4/25/2011,46.52976,-84.15162,,,,,FALSE,VR2 W,,,FALSE,,,,,,,,,,,,,,,,,,,,ACTUAL,YES,STM
17,GRD,3,,,,,4/25/2011,46.52865,-84.15153,,,,,FALSE,VR2 W,,,FALSE,,,,,,,,,,,,,,,,,,,,ACTUAL,YES,STM
18,GRD,4,,,,,4/25/2011,46.52936,-84.15208,,,,,FALSE,VR2 W,,,FALSE,,,,,,,,,,,,,,,,,,,,ACTUAL,YES,STM
19,GRD,5,,,,,4/25/2011,46.52819,-84.15257,,,,,FALSE,VR2 W,,,FALSE,,,,,,,,,,,,,,,,,,,,ACTUAL,YES,STM
20,GRD,6,,,,,4/25/2011,46.52884,-84.15327,,,,,FALSE,VR2 W,,,FALSE,,,,,,,,,,,,,,,,,,,,ACTUAL,YES,STM
21,GRD,10,,,,,5/18/2011,46.53321,-84.15925,,,,,FALSE,VR2 W,,,FALSE,,,,,,,,,,,,,,,,,,,,ACTUAL,YES,STM
22,GRD,11,,,,,5/24/2011,46.53402,-84.15312,,,,,FALSE,VR2 W,,,FALSE,,,,,,,,,,,,,,,,,,,,ACTUAL,YES,STM
23,IS1,2,,,,,4/27/2011,46.47802,-84.29275,,,,,FALSE,VR2 W,,,FALSE,,,,,,,,,,,,,,,,,,,,ACTUAL,YES,STM
24,IS1,4,,,,,4/27/2011,46.48143,-84.3983,,,,,FALSE,VR2 W,,,FALSE,,,,,,,,,,,,,,,,,,,,ACTUAL,YES,STM
25,LRC,1,,,,,4/25/2011,46.26305,-84.18961,,,,,FALSE,VR2 W,,,FALSE,,,,,,,,,,,,,,,,,,,,ACTUAL,YES,STM
26,LRC,3,,,,,4/25/2011,46.26505,-84.1865,,,,,FALSE,VR2 W,,,FALSE,,,,,,,,,,,,,,,,,,,,ACTUAL,YES,STM
27,LRC,4,,,,,4/25/2011,46.26421,-84.18837,,,,,FALSE,VR2 W,,,FALSE,,,,,,,,,,,,,,,,,,,,ACTUAL,YES,STM
28,LRC,5,,,,,4/25/2011,46.26354,-84.18998,,,,,FALSE,VR2 W,,,FALSE,,,,,,,,,,,,,,,,,,,,ACTUAL,YES,STM
29,LRC,6,,,,,4/25/2011,46.26476,-84.18876,,,,,FALSE,VR2 W,,,FALSE,,,,,,,,,,,,,,,,,,,,ACTUAL,YES,STM
30,LRC,7,,,,,4/25/2011,46.26414,-84.19046,,,,,FALSE,VR2 W,,,FALSE,,,,,,,,,,,,,,,,,,,,ACTUAL,YES,STM
31,LRP,1,,,,,4/27/2011,46.48011,-84.2878,,,,,FALSE,VR2 W,,,FALSE,,,,,,,,,,,,,,,,,,,,ACTUAL,YES,STM
32,MNB,1,,,,,4/25/2011,46.32634,-84.15932,,,,,FALSE,VR2 W,,,FALSE,,,,,,,,,,,,,,,,,,,,ACTUAL,YES,STM
33,MNB,2,,,,,4/25/2011,46.32631,-84.15779,,,,,FALSE,VR2 W,,,FALSE,,,,,,,,,,,,,,,,,,,,ACTUAL,YES,STM
34,MNB,5,,,,,4/25/2011,46.3259,-84.15764,,,,,FALSE,VR2 W,,,FALSE,,,,,,,,,,,,,,,,,,,,ACTUAL,YES,STM
35,OVP,1,,,,,4/27/2011,46.49767,-84.38947,,,,,FALSE,VR2 W,,,FALSE,,,,,,,,,,,,,,,,,,,,ACTUAL,YES,STM
36,OVP,2,,,,,4/27/2011,46.50206,-84.39233,,,,,FALSE,VR2 W,,,FALSE,,,,,,,,,,,,,,,,,,,,ACTUAL,YES,STM
37,OVP,3,,,,,4/27/2011,46.50366,-84.39418,,,,,FALSE,VR2 W,,,FALSE,,,,,,,,,,,,,,,,,,,,ACTUAL,YES,STM
38,PCH,1,,,,,4/26/2011,46.52568,-84.17261,,,,,FALSE,VR2 W,,,FALSE,,,,,,,,,,,,,,,,,,,,ACTUAL,YES,STM
39,PCH,2,,,,,4/26/2011,46.52794,-84.12245,,,,,FALSE,VR2 W,,,FALSE,,,,,,,,,,,,,,,,,,,,ACTUAL,YES,STM
40,RNS,3,,,,,4/25/2011,46.25246,-84.09887,,,,,FALSE,VR2 W,,,FALSE,,,,,,,,,,,,,,,,,,,,ACTUAL,YES,STM
41,RNS,6,,,,,4/25/2011,46.2536,-84.1023,,,,,FALSE,VR2 W,,,FALSE,,,,,,,,,,,,,,,,,,,,ACTUAL,YES,STM
42,RTR,1,,,,,5/24/2011,46.54233,-84.21272,,,,,FALSE,VR2 W,,,FALSE,,,,,,,,,,,,,,,,,,,,ACTUAL,YES,STM
43,RTR,2,,,,,5/18/2011,46.54275,-84.21596,,,,,FALSE,VR2 W,,,FALSE,,,,,,,,,,,,,,,,,,,,ACTUAL,YES,STM
44,RVR,1,,,,,4/27/2011,46.46682,-84.29266,,,,,FALSE,VR2 W,,,FALSE,,,,,,,,,,,,,,,,,,,,ACTUAL,YES,STM
45,RVR,2,,,,,4/27/2011,46.47621,-84.30229,,,,,FALSE,VR2 W,,,FALSE,,,,,,,,,,,,,,,,,,,,ACTUAL,YES,STM
46,SQR,1,,,,,4/25/2011,46.5145,-84.11586,,,,,FALSE,VR2 W,,,FALSE,,,,,,,,,,,,,,,,,,,,ACTUAL,YES,STM
47,SQR,2,,,,,4/25/2011,46.51362,-84.11764,,,,,FALSE,VR2 W,,,FALSE,,,,,,,,,,,,,,,,,,,,ACTUAL,YES,STM
48,SQR,3,,,,,4/25/2011,46.51278,-84.11596,,,,,FALSE,VR2 W,,,FALSE,,,,,,,,,,,,,,,,,,,,ACTUAL,YES,STM
49,SQR,4,,,,,4/25/2011,46.51394,-84.11397,,,,,FALSE,VR2 W,,,FALSE,,,,,,,,,,,,,,,,,,,,ACTUAL,YES,STM
50,SSM,1,,,,,5/2/2011,46.5102,-84.34106,,,,,FALSE,VR2 W,,,FALSE,,,,,,,,,,,,,,,,,,,,ACTUAL,YES,STM
51,SSM,2,,,,,5/2/2011,46.50894,-84.34162,,,,,FALSE,VR2 W,,,FALSE,,,,,,,,,,,,,,,,,,,,ACTUAL,YES,STM
52,SSM,3,,,,,5/11/2011,46.50692,-84.34166,,,,,FALSE,VR2 W,,,FALSE,,,,,,,,,,,,,,,,,,,,ACTUAL,YES,STM
53,SSM,4,,,,,5/2/2011,46.50049,-84.33755,,,,,FALSE,VR2 W,,,FALSE,,,,,,,,,,,,,,,,,,,,ACTUAL,YES,STM
54,SSM,6,,,,,5/11/2011,46.50553,-84.33995,,,,,FALSE,VR2 W,,,FALSE,,,,,,,,,,,,,,,,,,,,ACTUAL,YES,STM
55,SSM,8,,,,,5/11/2011,46.5062,-84.34212,,,,,FALSE,VR2 W,,,FALSE,,,,,,,,,,,,,,,,,,,,ACTUAL,YES,STM
56,SSM,9,,,,,5/11/2011,46.50589,-84.34477,,,,,FALSE,VR2 W,,,FALSE,,,,,,,,,,,,,,,,,,,,ACTUAL,YES,STM
57,SSM,10,,,,,5/11/2011,46.50696,-84.34477,,,,,FALSE,VR2 W,,,FALSE,,,,,,,,,,,,,,,,,,,,ACTUAL,YES,STM
58,SSM,11,,,,,5/2/2011,46.5078,-84.34188,,,,,FALSE,VR2 W,,,FALSE,,,,,,,,,,,,,,,,,,,,ACTUAL,YES,STM
59,SSM,12,,,,,5/2/2011,46.50816,-84.34528,,,,,FALSE,VR2 W,,,FALSE,,,,,,,,,,,,,,,,,,,,ACTUAL,YES,STM
60,SSM,13,,,,,5/2/2011,46.50851,-84.34321,,,,,FALSE,VR2 W,,,FALSE,,,,,,,,,,,,,,,,,,,,ACTUAL,YES,STM
61,SSM,14,,,,,5/2/2011,46.50963,-84.3393,,,,,FALSE,VR2 W,,,FALSE,,,,,,,,,,,,,,,,,,,,ACTUAL,YES,STM
62,SSM,15,,,,,5/2/2011,46.51116,-84.34283,,,,,FALSE,VR2 W,,,FALSE,,,,,,,,,,,,,,,,,,,,ACTUAL,YES,STM
63,SSM,16,,,,,5/2/2011,46.51163,-84.34044,,,,,FALSE,VR2 W,,,FALSE,,,,,,,,,,,,,,,,,,,,ACTUAL,YES,STM
64,SSM,18,,,,,5/2/2011,46.51284,-84.34411,,,,,FALSE,VR2 W,,,FALSE,,,,,,,,,,,,,,,,,,,,ACTUAL,YES,STM
65,SSM,19,,,,,5/2/2011,46.51307,-84.34192,,,,,FALSE,VR2 W,,,FALSE,,,,,,,,,,,,,,,,,,,,ACTUAL,YES,STM
66,SSM,20,,,,,5/2/2011,46.50953,-84.34276,,,,,FALSE,VR2 W,,,FALSE,,,,,,,,,,,,,,,,,,,,ACTUAL,YES,STM
67,STR,1,,,,,4/25/2011,46.31731,-84.11905,,,,,FALSE,VR2 W,,,FALSE,,,,,,,,,,,,,,,,,,,,ACTUAL,YES,STM
68,STR,2,,,,,4/25/2011,46.31875,-84.11188,,,,,FALSE,VR2 W,,,FALSE,,,,,,,,,,,,,,,,,,,,ACTUAL,YES,STM
69,URC,4,,,,,4/25/2011,46.2864,-84.21157,,,,,FALSE,VR2 W,,,FALSE,,,,,,,,,,,,,,,,,,,,ACTUAL,YES,STM
70,BBI,1,,,,,5/13/2011,45.67467,-84.41952,,,,,FALSE,VR2 W,,,FALSE,,,,,,,,,,,,,,,,,,,,ACTUAL,NO,HEC
71,BBI,2,,,,,9/14/2010,45.68316,-84.41941,,,,,FALSE,VR2 W,,,FALSE,,,,,,,,,,,,,,,,,,,,ACTUAL,NO,HEC
72,BBI,3,,,,,9/14/2010,45.69116,-84.41951,,,,,FALSE,VR2 W,,,FALSE,,,,,,,,,,,,,,,,,,,,ACTUAL,NO,HEC
73,BBI,4,,,,,9/14/2010,45.69908,-84.41951,,,,,FALSE,VR2 W,,,FALSE,,,,,,,,,,,,,,,,,,,,ACTUAL,NO,HEC
74,BBI,5,,,,,9/14/2010,45.70701,-84.41849,,,,,FALSE,VR2 W,,,FALSE,,,,,,,,,,,,,,,,,,,,ACTUAL,NO,HEC
75,BBI,6,,,,,5/13/2011,45.71467,-84.41903,,,,,FALSE,VR2 W,,,FALSE,,,,,,,,,,,,,,,,,,,,ACTUAL,NO,HEC
76,BWA,1,,,,,4/19/2011,43.00685,-82.41977,,,,,FALSE,VR2 W,,,FALSE,,,,,,,,,,,,,,,,,,,,ACTUAL,NO,HEC
77,BWA,2,,,,,4/19/2011,43.00373,-82.41725,,,,,FALSE,VR2 W,,,FALSE,,,,,,,,,,,,,,,,,,,,ACTUAL,NO,HEC
78,BWB,1,,,,,4/19/2011,42.97987,-82.41373,,,,,FALSE,VR2 W,,,FALSE,,,,,,,,,,,,,,,,,,,,ACTUAL,NO,HEC
79,BWB,2,,,,,4/19/2011,42.98182,-82.42081,,,,,FALSE,VR2 W,,,FALSE,,,,,,,,,,,,,,,,,,,,ACTUAL,NO,HEC
80,FMP,1,,,,,9/15/2010,45.49065,-83.9105,,,,,FALSE,VR2 W,,,FALSE,,,,,,,,,,,,,,,,,,,,ACTUAL,NO,HEC
81,FMP,2,,,,,9/15/2010,45.49911,-83.90592,,,,,FALSE,VR2 W,,,FALSE,,,,,,,,,,,,,,,,,,,,ACTUAL,NO,HEC
82,FMP,3,,,,,9/15/2010,45.50758,-83.90125,,,,,FALSE,VR2 W,,,FALSE,,,,,,,,,,,,,,,,,,,,ACTUAL,NO,HEC
83,GRS,1,,,,,4/21/2011,42.12896,-83.13953,,,,,FALSE,VR2 W,,,FALSE,,,,,,,,,,,,,,,,,,,,ACTUAL,NO,HEC
84,GRS,2,,,,,4/21/2011,42.09198,-83.14936,,,,,FALSE,VR2 W,,,FALSE,,,,,,,,,,,,,,,,,,,,ACTUAL,NO,HEC
85,LVD,1,,,,,4/21/2011,42.1293,-83.12518,,,,,FALSE,VR2 W,,,FALSE,,,,,,,,,,,,,,,,,,,,ACTUAL,NO,HEC
86,LVD,2,,,,,4/21/2011,42.12159,-83.12621,,,,,FALSE,VR2 W,,,FALSE,,,,,,,,,,,,,,,,,,,,ACTUAL,NO,HEC
87,LVU,1,,,,,4/21/2011,42.12767,-83.11902,,,,,FALSE,VR2 W,,,FALSE,,,,,,,,,,,,,,,,,,,,ACTUAL,NO,HEC
88,LVU,2,,,,,4/21/2011,42.11935,-83.11705,,,,,FALSE,VR2 W,,,FALSE,,,,,,,,,,,,,,,,,,,,ACTUAL,NO,HEC
89,MAU,1,,,,,3/25/2011,41.571,-83.61712,,,,,FALSE,VR2 W,,,FALSE,,,,,,,,,,,,,,,,,,,,ACTUAL,NO,HEC
90,MAU,2,,,,,3/25/2011,41.57428,-83.60693,,,,,FALSE,VR2 W,,,FALSE,,,,,,,,,,,,,,,,,,,,ACTUAL,NO,HEC
91,MAU,3,,,,,3/25/2011,41.57612,-83.61071,,,,,FALSE,VR2 W,,,FALSE,,,,,,,,,,,,,,,,,,,,ACTUAL,NO,HEC
92,OSC,1,,,,,5/5/2011,44.45195,-83.31855,,,,,FALSE,VR2 W,,,FALSE,,,,,,,,,,,,,,,,,,,,ACTUAL,NO,HEC
93,OSC,2,,,,,9/22/2010,44.45157,-83.30574,,,,,FALSE,VR2 W,,,FALSE,,,,,,,,,,,,,,,,,,,,ACTUAL,NO,HEC
94,OSC,3,,,,,9/22/2010,44.45158,-83.29331,,,,,FALSE,VR2 W,,,FALSE,,,,,,,,,,,,,,,,,,,,ACTUAL,NO,HEC
95,OSC,4,,,,,9/22/2010,44.45159,-83.2808,,,,,FALSE,VR2 W,,,FALSE,,,,,,,,,,,,,,,,,,,,ACTUAL,NO,HEC
96,OSC,5,,,,,9/22/2010,44.45165,-83.26799,,,,,FALSE,VR2 W,,,FALSE,,,,,,,,,,,,,,,,,,,,ACTUAL,NO,HEC
97,OSC,6,,,,,9/22/2010,44.45159,-83.25502,,,,,FALSE,VR2 W,,,FALSE,,,,,,,,,,,,,,,,,,,,ACTUAL,NO,HEC
98,OSC,7,,,,,9/22/2010,44.45155,-83.24261,,,,,FALSE,VR2 W,,,FALSE,,,,,,,,,,,,,,,,,,,,ACTUAL,NO,HEC
99,OSC,8,,,,,9/22/2010,44.45155,-83.23006,,,,,FALSE,VR2 W,,,FALSE,,,,,,,,,,,,,,,,,,,,ACTUAL,NO,HEC
100,OSC,9,,,,,9/22/2010,44.45146,-83.21752,,,,,FALSE,VR2 W,,,FALSE,,,,,,,,,,,,,,,,,,,,ACTUAL,NO,HEC
101,OSC,10,,,,,9/22/2010,44.45147,-83.20462,,,,,FALSE,VR2 W,,,FALSE,,,,,,,,,,,,,,,,,,,,ACTUAL,NO,HEC
102,OSC,11,,,,,9/22/2010,44.45151,-83.19199,,,,,FALSE,VR2 W,,,FALSE,,,,,,,,,,,,,,,,,,,,ACTUAL,NO,HEC
103,OSC,12,,,,,9/22/2010,44.45154,-83.17941,,,,,FALSE,VR2 W,,,FALSE,,,,,,,,,,,,,,,,,,,,ACTUAL,NO,HEC
104,PRS,1,,,,,9/15/2010,45.33385,-83.45832,,,,,FALSE,VR2 W,,,FALSE,,,,,,,,,,,,,,,,,,,,ACTUAL,NO,HEC
105,PRS,2,,,,,9/15/2010,45.33988,-83.44838,,,,,FALSE,VR2 W,,,FALSE,,,,,,,,,,,,,,,,,,,,ACTUAL,NO,HEC
106,PRS,3,,,,,9/15/2010,45.34606,-83.43851,,,,,FALSE,VR2 W,,,FALSE,,,,,,,,,,,,,,,,,,,,ACTUAL,NO,HEC
107,SBI,1,,,,,5/5/2011,44.17871,-83.54776,,,,,FALSE,VR2 W,,,FALSE,,,,,,,,,,,,,,,,,,,,ACTUAL,NO,HEC
108,SBI,2,,,,,9/22/2010,44.17713,-83.54172,,,,,FALSE,VR2 W,,,FALSE,,,,,,,,,,,,,,,,,,,,ACTUAL,NO,HEC
109,SBI,3,,,,,9/22/2010,44.17254,-83.53088,,,,,FALSE,VR2 W,,,FALSE,,,,,,,,,,,,,,,,,,,,ACTUAL,NO,HEC
110,SBI,4,,,,,9/22/2010,44.16792,-83.52018,,,,,FALSE,VR2 W,,,FALSE,,,,,,,,,,,,,,,,,,,,ACTUAL,NO,HEC
111,SBI,5,,,,,9/22/2010,44.16338,-83.50944,,,,,FALSE,VR2 W,,,FALSE,,,,,,,,,,,,,,,,,,,,ACTUAL,NO,HEC
112,SBI,6,,,,,9/20/2010,44.1589,-83.49872,,,,,FALSE,VR2 W,,,FALSE,,,,,,,,,,,,,,,,,,,,ACTUAL,NO,HEC
113,SBI,7,,,,,9/20/2010,44.15433,-83.48784,,,,,FALSE,VR2 W,,,FALSE,,,,,,,,,,,,,,,,,,,,ACTUAL,NO,HEC
114,SBI,8,,,,,9/20/2010,44.14976,-83.4771,,,,,FALSE,VR2 W,,,FALSE,,,,,,,,,,,,,,,,,,,,ACTUAL,NO,HEC
115,SBI,9,,,,,9/20/2010,44.14518,-83.46636,,,,,FALSE,VR2 W,,,FALSE,,,,,,,,,,,,,,,,,,,,ACTUAL,NO,HEC
116,SBI,10,,,,,9/20/2010,44.14067,-83.45554,,,,,FALSE,VR2 W,,,FALSE,,,,,,,,,,,,,,,,,,,,ACTUAL,NO,HEC
117,SBI,11,,,,,9/20/2010,44.13609,-83.44477,,,,,FALSE,VR2 W,,,FALSE,,,,,,,,,,,,,,,,,,,,ACTUAL,NO,HEC
118,SBI,12,,,,,9/20/2010,44.1315,-83.434,,,,,FALSE,VR2 W,,,FALSE,,,,,,,,,,,,,,,,,,,,ACTUAL,NO,HEC
119,SBI,13,,,,,9/20/2010,44.12693,-83.4232,,,,,FALSE,VR2 W,,,FALSE,,,,,,,,,,,,,,,,,,,,ACTUAL,NO,HEC
120,SBI,14,,,,,9/20/2010,44.12246,-83.41243,,,,,FALSE,VR2 W,,,FALSE,,,,,,,,,,,,,,,,,,,,ACTUAL,NO,HEC
121,SBI,15,,,,,9/20/2010,44.11783,-83.40165,,,,,FALSE,VR2 W,,,FALSE,,,,,,,,,,,,,,,,,,,,ACTUAL,NO,HEC
122,SBI,16,,,,,9/20/2010,44.11323,-83.39078,,,,,FALSE,VR2 W,,,FALSE,,,,,,,,,,,,,,,,,,,,ACTUAL,NO,HEC
123,SBI,17,,,,,9/20/2010,44.10872,-83.38012,,,,,FALSE,VR2 W,,,FALSE,,,,,,,,,,,,,,,,,,,,ACTUAL,NO,HEC
124,SBI,18,,,,,9/20/2010,44.10415,-83.36927,,,,,FALSE,VR2 W,,,FALSE,,,,,,,,,,,,,,,,,,,,ACTUAL,NO,HEC
125,SBI,19,,,,,9/20/2010,44.09963,-83.35863,,,,,FALSE,VR2 W,,,FALSE,,,,,,,,,,,,,,,,,,,,ACTUAL,NO,HEC
126,SBI,20,,,,,9/20/2010,44.0921,-83.35192,,,,,FALSE,VR2 W,,,FALSE,,,,,,,,,,,,,,,,,,,,ACTUAL,NO,HEC
127,SBI,21,,,,,9/20/2010,44.08469,-83.34489,,,,,FALSE,VR2 W,,,FALSE,,,,,,,,,,,,,,,,,,,,ACTUAL,NO,HEC
128,SBI,22,,,,,9/20/2010,44.07715,-83.33784,,,,,FALSE,VR2 W,,,FALSE,,,,,,,,,,,,,,,,,,,,ACTUAL,NO,HEC
129,SBI,23,,,,,9/20/2010,44.06965,-83.33105,,,,,FALSE,VR2 W,,,FALSE,,,,,,,,,,,,,,,,,,,,ACTUAL,NO,HEC
130,SBI,24,,,,,9/20/2010,44.06202,-83.32402,,,,,FALSE,VR2 W,,,FALSE,,,,,,,,,,,,,,,,,,,,ACTUAL,NO,HEC
131,SBI,25,,,,,9/20/2010,44.05467,-83.31693,,,,,FALSE,VR2 W,,,FALSE,,,,,,,,,,,,,,,,,,,,ACTUAL,NO,HEC
132,SBI,26,,,,,9/20/2010,44.0472,-83.31007,,,,,FALSE,VR2 W,,,FALSE,,,,,,,,,,,,,,,,,,,,ACTUAL,NO,HEC
133,SBI,27,,,,,9/20/2010,44.03978,-83.30296,,,,,FALSE,VR2 W,,,FALSE,,,,,,,,,,,,,,,,,,,,ACTUAL,NO,HEC
134,SBI,28,,,,,9/20/2010,44.03228,-83.29612,,,,,FALSE,VR2 W,,,FALSE,,,,,,,,,,,,,,,,,,,,ACTUAL,NO,HEC
135,SBI,29,,,,,9/20/2010,44.02479,-83.28914,,,,,FALSE,VR2 W,,,FALSE,,,,,,,,,,,,,,,,,,,,ACTUAL,NO,HEC
136,SBI,30,,,,,9/20/2010,44.01734,-83.28199,,,,,FALSE,VR2 W,,,FALSE,,,,,,,,,,,,,,,,,,,,ACTUAL,NO,HEC
137,SBI,31,,,,,9/20/2010,44.00983,-83.27503,,,,,FALSE,VR2 W,,,FALSE,,,,,,,,,,,,,,,,,,,,ACTUAL,NO,HEC
138,SBI,32,,,,,9/20/2010,44.00227,-83.26808,,,,,FALSE,VR2 W,,,FALSE,,,,,,,,,,,,,,,,,,,,ACTUAL,NO,HEC
139,SBI,33,,,,,9/20/2010,43.9949,-83.26111,,,,,FALSE,VR2 W,,,FALSE,,,,,,,,,,,,,,,,,,,,ACTUAL,NO,HEC
140,SBI,34,,,,,9/20/2010,43.98744,-83.25395,,,,,FALSE,VR2 W,,,FALSE,,,,,,,,,,,,,,,,,,,,ACTUAL,NO,HEC
141,SBI,35,,,,,5/5/2011,43.97998,-83.24702,,,,,FALSE,VR2 W,,,FALSE,,,,,,,,,,,,,,,,,,,,ACTUAL,NO,HEC
142,SBO,1,,,,,9/20/2010,44.24647,-83.44589,,,,,FALSE,VR2 W,,,FALSE,,,,,,,,,,,,,,,,,,,,ACTUAL,NO,HEC
143,SBO,2,,,,,9/20/2010,44.24176,-83.43524,,,,,FALSE,VR2 W,,,FALSE,,,,,,,,,,,,,,,,,,,,ACTUAL,NO,HEC
144,SBO,3,,,,,9/20/2010,44.2371,-83.42445,,,,,FALSE,VR2 W,,,FALSE,,,,,,,,,,,,,,,,,,,,ACTUAL,NO,HEC
145,SBO,4,,,,,9/20/2010,44.23234,-83.41387,,,,,FALSE,VR2 W,,,FALSE,,,,,,,,,,,,,,,,,,,,ACTUAL,NO,HEC
146,SBO,5,,,,,9/20/2010,44.22764,-83.40318,,,,,FALSE,VR2 W,,,FALSE,,,,,,,,,,,,,,,,,,,,ACTUAL,NO,HEC
147,SBO,5,,,,,11/16/2010,44.22768,-83.4031,,,,,FALSE,VR2 W,,,FALSE,,,,,,,,,,,,,,,,,,,,ACTUAL,NO,HEC
148,SBO,6,,,,,9/20/2010,44.22293,-83.39249,,,,,FALSE,VR2 W,,,FALSE,,,,,,,,,,,,,,,,,,,,ACTUAL,NO,HEC
149,SBO,7,,,,,9/20/2010,44.21821,-83.38181,,,,,FALSE,VR2 W,,,FALSE,,,,,,,,,,,,,,,,,,,,ACTUAL,NO,HEC
150,SBO,8,,,,,9/20/2010,44.2135,-83.37114,,,,,FALSE,VR2 W,,,FALSE,,,,,,,,,,,,,,,,,,,,ACTUAL,NO,HEC
151,SBO,9,,,,,9/20/2010,44.20876,-83.36047,,,,,FALSE,VR2 W,,,FALSE,,,,,,,,,,,,,,,,,,,,ACTUAL,NO,HEC
152,SBO,10,,,,,9/20/2010,44.20408,-83.34979,,,,,FALSE,VR2 W,,,FALSE,,,,,,,,,,,,,,,,,,,,ACTUAL,NO,HEC
153,SBO,11,,,,,9/20/2010,44.1994,-83.33909,,,,,FALSE,VR2 W,,,FALSE,,,,,,,,,,,,,,,,,,,,ACTUAL,NO,HEC
154,SBO,12,,,,,9/20/2010,44.19477,-83.32854,,,,,FALSE,VR2 W,,,FALSE,,,,,,,,,,,,,,,,,,,,ACTUAL,NO,HEC
155,SBO,13,,,,,9/20/2010,44.18998,-83.31771,,,,,FALSE,VR2 W,,,FALSE,,,,,,,,,,,,,,,,,,,,ACTUAL,NO,HEC
156,SBO,14,,,,,9/20/2010,44.18523,-83.30735,,,,,FALSE,VR2 W,,,FALSE,,,,,,,,,,,,,,,,,,,,ACTUAL,NO,HEC
157,SBO,15,,,,,9/20/2010,44.18059,-83.29639,,,,,FALSE,VR2 W,,,FALSE,,,,,,,,,,,,,,,,,,,,ACTUAL,NO,HEC
158,SBO,16,,,,,9/20/2010,44.17583,-83.28564,,,,,FALSE,VR2 W,,,FALSE,,,,,,,,,,,,,,,,,,,,ACTUAL,NO,HEC
159,SBO,17,,,,,9/20/2010,44.17114,-83.27499,,,,,FALSE,VR2 W,,,FALSE,,,,,,,,,,,,,,,,,,,,ACTUAL,NO,HEC
160,SBO,18,,,,,9/20/2010,44.16636,-83.26433,,,,,FALSE,VR2 W,,,FALSE,,,,,,,,,,,,,,,,,,,,ACTUAL,NO,HEC
161,SBO,19,,,,,9/20/2010,44.16171,-83.25365,,,,,FALSE,VR2 W,,,FALSE,,,,,,,,,,,,,,,,,,,,ACTUAL,NO,HEC
162,SBO,20,,,,,9/20/2010,44.15374,-83.24733,,,,,FALSE,VR2 W,,,FALSE,,,,,,,,,,,,,,,,,,,,ACTUAL,NO,HEC
163,SBO,21,,,,,9/20/2010,44.14623,-83.24054,,,,,FALSE,VR2 W,,,FALSE,,,,,,,,,,,,,,,,,,,,ACTUAL,NO,HEC
164,SBO,22,,,,,9/20/2010,44.13867,-83.23383,,,,,FALSE,VR2 W,,,FALSE,,,,,,,,,,,,,,,,,,,,ACTUAL,NO,HEC
165,SBO,23,,,,,9/20/2010,44.13106,-83.22704,,,,,FALSE,VR2 W,,,FALSE,,,,,,,,,,,,,,,,,,,,ACTUAL,NO,HEC
166,SBO,24,,,,,9/20/2010,44.1235,-83.22039,,,,,FALSE,VR2 W,,,FALSE,,,,,,,,,,,,,,,,,,,,ACTUAL,NO,HEC
167,SBO,25,,,,,9/20/2010,44.11592,-83.21357,,,,,FALSE,VR2 W,,,FALSE,,,,,,,,,,,,,,,,,,,,ACTUAL,NO,HEC
168,SBO,26,,,,,9/20/2010,44.10836,-83.20684,,,,,FALSE,VR2 W,,,FALSE,,,,,,,,,,,,,,,,,,,,ACTUAL,NO,HEC
169,SBO,27,,,,,9/20/2010,44.10088,-83.20018,,,,,FALSE,VR2 W,,,FALSE,,,,,,,,,,,,,,,,,,,,ACTUAL,NO,HEC
170,SBO,28,,,,,9/20/2010,44.09323,-83.1934,,,,,FALSE,VR2 W,,,FALSE,,,,,,,,,,,,,,,,,,,,ACTUAL,NO,HEC
171,SBO,29,,,,,9/20/2010,44.08565,-83.18666,,,,,FALSE,VR2 W,,,FALSE,,,,,,,,,,,,,,,,,,,,ACTUAL,NO,HEC
172,SBO,30,,,,,9/20/2010,44.07811,-83.17998,,,,,FALSE,VR2 W,,,FALSE,,,,,,,,,,,,,,,,,,,,ACTUAL,NO,HEC
173,SBO,31,,,,,9/20/2010,44.07052,-83.17311,,,,,FALSE,VR2 W,,,FALSE,,,,,,,,,,,,,,,,,,,,ACTUAL,NO,HEC
174,SBO,32,,,,,9/20/2010,44.06288,-83.16625,,,,,FALSE,VR2 W,,,FALSE,,,,,,,,,,,,,,,,,,,,ACTUAL,NO,HEC
175,SBO,33,,,,,9/20/2010,44.05533,-83.15958,,,,,FALSE,VR2 W,,,FALSE,,,,,,,,,,,,,,,,,,,,ACTUAL,NO,HEC
176,SBO,34,,,,,9/20/2010,44.0477,-83.15303,,,,,FALSE,VR2 W,,,FALSE,,,,,,,,,,,,,,,,,,,,ACTUAL,NO,HEC
177,SBO,35,,,,,9/20/2010,44.04006,-83.14605,,,,,FALSE,VR2 W,,,FALSE,,,,,,,,,,,,,,,,,,,,ACTUAL,NO,HEC
178,SBO,36,,,,,9/20/2010,44.03257,-83.13947,,,,,FALSE,VR2 W,,,FALSE,,,,,,,,,,,,,,,,,,,,ACTUAL,NO,HEC
179,SBO,37,,,,,9/20/2010,44.02507,-83.13258,,,,,FALSE,VR2 W,,,FALSE,,,,,,,,,,,,,,,,,,,,ACTUAL,NO,HEC
180,SBO,38,,,,,9/20/2010,44.01747,-83.12594,,,,,FALSE,VR2 W,,,FALSE,,,,,,,,,,,,,,,,,,,,ACTUAL,NO,HEC
181,SBO,39,,,,,5/5/2011,44.0141,-83.12451,,,,,FALSE,VR2 W,,,FALSE,,,,,,,,,,,,,,,,,,,,ACTUAL,NO,HEC
182,SGR,1,,,,,3/28/2011,43.61235,-83.86106,,,,,FALSE,VR2 W,,,FALSE,,,,,,,,,,,,,,,,,,,,ACTUAL,NO,HEC
183,SGR,2,,,,,3/28/2011,43.60961,-83.88665,,,,,FALSE,VR2 W,,,FALSE,,,,,,,,,,,,,,,,,,,,ACTUAL,NO,HEC
184,SIC,1,,,,,4/21/2011,42.09063,-83.14055,,,,,FALSE,VR2 W,,,FALSE,,,,,,,,,,,,,,,,,,,,ACTUAL,NO,HEC
185,STG,1,,,,,5/13/2011,44.71328,-83.26346,,,,,FALSE,VR2 W,,,FALSE,,,,,,,,,,,,,,,,,,,,ACTUAL,NO,HEC
186,STG,2,,,,,9/22/2010,44.7132,-83.25136,,,,,FALSE,VR2 W,,,FALSE,,,,,,,,,,,,,,,,,,,,ACTUAL,NO,HEC
187,STG,3,,,,,9/22/2010,44.71315,-83.23911,,,,,FALSE,VR2 W,,,FALSE,,,,,,,,,,,,,,,,,,,,ACTUAL,NO,HEC
188,STG,4,,,,,9/22/2010,44.71335,-83.22667,,,,,FALSE,VR2 W,,,FALSE,,,,,,,,,,,,,,,,,,,,ACTUAL,NO,HEC
189,STG,5,,,,,9/22/2010,44.71324,-83.21374,,,,,FALSE,VR2 W,,,FALSE,,,,,,,,,,,,,,,,,,,,ACTUAL,NO,HEC
190,STG,6,,,,,9/22/2010,44.71321,-83.20109,,,,,FALSE,VR2 W,,,FALSE,,,,,,,,,,,,,,,,,,,,ACTUAL,NO,HEC
191,STG,7,,,,,9/22/2010,44.7133,-83.18826,,,,,FALSE,VR2 W,,,FALSE,,,,,,,,,,,,,,,,,,,,ACTUAL,NO,HEC
192,STG,8,,,,,9/22/2010,44.71335,-83.17568,,,,,FALSE,VR2 W,,,FALSE,,,,,,,,,,,,,,,,,,,,ACTUAL,NO,HEC
193,STG,9,,,,,9/22/2010,44.71332,-83.16315,,,,,FALSE,VR2 W,,,FALSE,,,,,,,,,,,,,,,,,,,,ACTUAL,NO,HEC
194,STG,10,,,,,9/22/2010,44.71326,-83.15053,,,,,FALSE,VR2 W,,,FALSE,,,,,,,,,,,,,,,,,,,,ACTUAL,NO,HEC
195,THB,1,,,,,5/5/2011,44.88711,-83.32052,,,,,FALSE,VR2 W,,,FALSE,,,,,,,,,,,,,,,,,,,,ACTUAL,NO,HEC
196,THB,2,,,,,5/5/2011,44.89483,-83.31738,,,,,FALSE,VR2 W,,,FALSE,,,,,,,,,,,,,,,,,,,,ACTUAL,NO,HEC
197,THB,3,,,,,9/22/2010,44.90459,-83.31389,,,,,FALSE,VR2 W,,,FALSE,,,,,,,,,,,,,,,,,,,,ACTUAL,NO,HEC
198,THB,4,,,,,9/22/2010,44.91334,-83.31073,,,,,FALSE,VR2 W,,,FALSE,,,,,,,,,,,,,,,,,,,,ACTUAL,NO,HEC
199,THB,5,,,,,9/22/2010,44.92204,-83.30767,,,,,FALSE,VR2 W,,,FALSE,,,,,,,,,,,,,,,,,,,,ACTUAL,NO,HEC
200,THB,6,,,,,9/22/2010,44.9308,-83.3046,,,,,FALSE,VR2 W,,,FALSE,,,,,,,,,,,,,,,,,,,,ACTUAL,NO,HEC
201,THB,7,,,,,9/22/2010,44.93958,-83.30164,,,,,FALSE,VR2 W,,,FALSE,,,,,,,,,,,,,,,,,,,,ACTUAL,NO,HEC
202,THB,8,,,,,9/22/2010,44.94828,-83.29829,,,,,FALSE,VR2 W,,,FALSE,,,,,,,,,,,,,,,,,,,,ACTUAL,NO,HEC
203,THB,9,,,,,9/22/2010,44.95706,-83.29517,,,,,FALSE,VR2 W,,,FALSE,,,,,,,,,,,,,,,,,,,,ACTUAL,NO,HEC
204,THB,10,,,,,9/22/2010,44.96583,-83.29216,,,,,FALSE,VR2 W,,,FALSE,,,,,,,,,,,,,,,,,,,,ACTUAL,NO,HEC
205,THB,11,,,,,9/22/2010,44.97453,-83.28923,,,,,FALSE,VR2 W,,,FALSE,,,,,,,,,,,,,,,,,,,,ACTUAL,NO,HEC
206,THB,12,,,,,9/22/2010,44.98333,-83.28593,,,,,FALSE,VR2 W,,,FALSE,,,,,,,,,,,,,,,,,,,,ACTUAL,NO,HEC
207,THB,13,,,,,9/22/2010,44.99206,-83.28281,,,,,FALSE,VR2 W,,,FALSE,,,,,,,,,,,,,,,,,,,,ACTUAL,NO,HEC
208,THB,14,,,,,9/22/2010,45.00084,-83.2797,,,,,FALSE,VR2 W,,,FALSE,,,,,,,,,,,,,,,,,,,,ACTUAL,NO,HEC
209,THB,15,,,,,9/22/2010,45.00953,-83.27658,,,,,FALSE,VR2 W,,,FALSE,,,,,,,,,,,,,,,,,,,,ACTUAL,NO,HEC
210,THB,16,,,,,9/22/2010,45.01826,-83.27342,,,,,FALSE,VR2 W,,,FALSE,,,,,,,,,,,,,,,,,,,,ACTUAL,NO,HEC
211,TRN,1,,,,,4/21/2011,42.1875,-83.15294,,,,,FALSE,VR2 W,,,FALSE,,,,,,,,,,,,,,,,,,,,ACTUAL,NO,HEC
212,TRN,2,,,,,4/21/2011,42.16149,-83.16592,,,,,FALSE,VR2 W,,,FALSE,,,,,,,,,,,,,,,,,,,,ACTUAL,NO,HEC
213,TTB,1,,,,,3/29/2011,43.38709,-83.98743,,,,,FALSE,VR2 W,,,FALSE,,,,,,,,,,,,,,,,,,,,ACTUAL,NO,HEC
214,TTB,2,,,,,3/29/2011,43.39165,-83.99259,,,,,FALSE,VR2 W,,,FALSE,,,,,,,,,,,,,,,,,,,,ACTUAL,NO,HEC
215,WHT,1,,,,,4/18/2011,43.72957,-82.59796,,,,,FALSE,VR2 W,,,FALSE,,,,,,,,,,,,,,,,,,,,ACTUAL,NO,HEC
216,WHT,2,,,,,9/22/2010,43.73172,-82.5905,,,,,FALSE,VR2 W,,,FALSE,,,,,,,,,,,,,,,,,,,,ACTUAL,NO,HEC
217,WHT,3,,,,,9/22/2010,43.73314,-82.57883,,,,,FALSE,VR2 W,,,FALSE,,,,,,,,,,,,,,,,,,,,ACTUAL,NO,HEC
218,WHT,3,,,,,4/18/2011,43.73326,-82.57904,,,,,FALSE,VR2 W,,,FALSE,,,,,,,,,,,,,,,,,,,,ACTUAL,NO,HEC
219,WHT,4,,,,,9/22/2010,43.73468,-82.56692,,,,,FALSE,VR2 W,,,FALSE,,,,,,,,,,,,,,,,,,,,ACTUAL,NO,HEC
220,WHT,5,,,,,9/22/2010,43.73628,-82.55533,,,,,FALSE,VR2 W,,,FALSE,,,,,,,,,,,,,,,,,,,,ACTUAL,NO,HEC
221,WHT,6,,,,,9/22/2010,43.73772,-82.54323,,,,,FALSE,VR2 W,,,FALSE,,,,,,,,,,,,,,,,,,,,ACTUAL,NO,HEC
222,WHT,7,,,,,9/22/2010,43.73947,-82.53177,,,,,FALSE,VR2 W,,,FALSE,,,,,,,,,,,,,,,,,,,,ACTUAL,NO,HEC
223,WHT,8,,,,,9/22/2010,43.74081,-82.51976,,,,,FALSE,VR2 W,,,FALSE,,,,,,,,,,,,,,,,,,,,ACTUAL,NO,HEC
224,WHT,9,,,,,9/22/2010,43.74216,-82.50791,,,,,FALSE,VR2 W,,,FALSE,,,,,,,,,,,,,,,,,,,,ACTUAL,NO,HEC
225,WHT,10,,,,,9/22/2010,43.74395,-82.49609,,,,,FALSE,VR2 W,,,FALSE,,,,,,,,,,,,,,,,,,,,ACTUAL,NO,HEC
226,DRM,1,,,,,8/17/2010,45.94178,-83.63134,,,,,FALSE,VR2 W,,,FALSE,,,,,,,,,,,,,,,,,,,,ACTUAL,YES,DRM
227,DRM,2,,,,,8/17/2010,45.94088,-83.63552,,,,,FALSE,VR2 W,,,FALSE,,,,,,,,,,,,,,,,,,,,ACTUAL,YES,DRM
228,DRM,3,,,,,8/17/2010,45.93816,-83.63835,,,,,FALSE,VR2 W,,,FALSE,,,,,,,,,,,,,,,,,,,,ACTUAL,YES,DRM
229,DRM,4,,,,,8/17/2010,45.9406,-83.62964,,,,,FALSE,VR2 W,,,FALSE,,,,,,,,,,,,,,,,,,,,ACTUAL,YES,DRM
230,DRM,5,,,,,8/17/2010,45.93938,-83.63202,,,,,FALSE,VR2 W,,,FALSE,,,,,,,,,,,,,,,,,,,,ACTUAL,YES,DRM
231,DRM,6,,,,,8/17/2010,45.93615,-83.63294,,,,,FALSE,VR2 W,,,FALSE,,,,,,,,,,,,,,,,,,,,ACTUAL,YES,DRM
232,DRM,7,,,,,8/17/2010,45.93781,-83.63483,,,,,FALSE,VR2 W,,,FALSE,,,,,,,,,,,,,,,,,,,,ACTUAL,YES,DRM
233,DRM,8,,,,,8/17/2010,45.93891,-83.64212,,,,,FALSE,VR2 W,,,FALSE,,,,,,,,,,,,,,,,,,,,ACTUAL,YES,DRM
234,DRM,9,,,,,8/17/2010,45.9391,-83.64816,,,,,FALSE,VR2 W,,,FALSE,,,,,,,,,,,,,,,,,,,,ACTUAL,YES,DRM
235,DRM,10,,,,,8/17/2010,45.93698,-83.64514,,,,,FALSE,VR2 W,,,FALSE,,,,,,,,,,,,,,,,,,,,ACTUAL,YES,DRM
236,DRM,11,,,,,8/17/2010,45.93589,-83.64078,,,,,FALSE,VR2 W,,,FALSE,,,,,,,,,,,,,,,,,,,,ACTUAL,YES,DRM
237,DRM,12,,,,,8/17/2010,45.93507,-83.63651,,,,,FALSE,VR2 W,,,FALSE,,,,,,,,,,,,,,,,,,,,ACTUAL,YES,DRM
238,DRM,13,,,,,8/17/2010,45.9386,-83.65316,,,,,FALSE,VR2 W,,,FALSE,,,,,,,,,,,,,,,,,,,,ACTUAL,YES,DRM
239,DRM,14,,,,,8/17/2010,45.93607,-83.64985,,,,,FALSE,VR2 W,,,FALSE,,,,,,,,,,,,,,,,,,,,ACTUAL,YES,DRM
240,DRM,15,,,,,8/17/2010,45.93441,-83.64559,,,,,FALSE,VR2 W,,,FALSE,,,,,,,,,,,,,,,,,,,,ACTUAL,YES,DRM
241,DRM,16,,,,,8/17/2010,45.93234,-83.6419,,,,,FALSE,VR2 W,,,FALSE,,,,,,,,,,,,,,,,,,,,ACTUAL,YES,DRM
242,DRM,17,,,,,8/17/2010,45.93221,-83.6375,,,,,FALSE,VR2 W,,,FALSE,,,,,,,,,,,,,,,,,,,,ACTUAL,YES,DRM
243,DRM,18,,,,,8/17/2010,45.93284,-83.6334,,,,,FALSE,VR2 W,,,FALSE,,,,,,,,,,,,,,,,,,,,ACTUAL,YES,DRM
244,DRM,19,,,,,8/17/2010,45.93604,-83.65455,,,,,FALSE,VR2 W,,,FALSE,,,,,,,,,,,,,,,,,,,,ACTUAL,YES,DRM
245,DRM,20,,,,,8/17/2010,45.93311,-83.65005,,,,,FALSE,VR2 W,,,FALSE,,,,,,,,,,,,,,,,,,,,ACTUAL,YES,DRM
246,DRM,21,,,,,8/17/2010,45.93376,-83.65683,,,,,FALSE,VR2 W,,,FALSE,,,,,,,,,,,,,,,,,,,,ACTUAL,YES,DRM
247,DRM,22,,,,,8/17/2010,45.9313,-83.65454,,,,,FALSE,VR2 W,,,FALSE,,,,,,,,,,,,,,,,,,,,ACTUAL,YES,DRM
248,DRM,23,,,,,8/17/2010,45.92976,-83.64763,,,,,FALSE,VR2 W,,,FALSE,,,,,,,,,,,,,,,,,,,,ACTUAL,YES,DRM
249,DRM,24,,,,,8/17/2010,45.92882,-83.64224,,,,,FALSE,VR2 W,,,FALSE,,,,,,,,,,,,,,,,,,,,ACTUAL,YES,DRM
250,DRM,25,,,,,8/17/2010,45.92884,-83.63797,,,,,FALSE,VR2 W,,,FALSE,,,,,,,,,,,,,,,,,,,,ACTUAL,YES,DRM
251,DRM,26,,,,,8/17/2010,45.92899,-83.63328,,,,,FALSE,VR2 W,,,FALSE,,,,,,,,,,,,,,,,,,,,ACTUAL,YES,DRM
252,DRM,27,,,,,8/17/2010,45.92874,-83.62829,,,,,FALSE,VR2 W,,,FALSE,,,,,,,,,,,,,,,,,,,,ACTUAL,YES,DRM
253,DRM,28,,,,,8/18/2010,45.93335,-83.66393,,,,,FALSE,VR2 W,,,FALSE,,,,,,,,,,,,,,,,,,,,ACTUAL,YES,DRM
254,DRM,29,,,,,8/18/2010,45.93129,-83.65955,,,,,FALSE,VR2 W,,,FALSE,,,,,,,,,,,,,,,,,,,,ACTUAL,YES,DRM
255,DRM,30,,,,,8/18/2010,45.92783,-83.65276,,,,,FALSE,VR2 W,,,FALSE,,,,,,,,,,,,,,,,,,,,ACTUAL,YES,DRM
256,DRM,31,,,,,8/18/2010,45.93028,-83.66578,,,,,FALSE,VR2 W,,,FALSE,,,,,,,,,,,,,,,,,,,,ACTUAL,YES,DRM
257,DRM,32,,,,,8/18/2010,45.92874,-83.66133,,,,,FALSE,VR2 W,,,FALSE,,,,,,,,,,,,,,,,,,,,ACTUAL,YES,DRM
258,DRM,33,,,,,8/18/2010,45.92809,-83.65795,,,,,FALSE,VR2 W,,,FALSE,,,,,,,,,,,,,,,,,,,,ACTUAL,YES,DRM
259,DRM,34,,,,,8/18/2010,45.92489,-83.65567,,,,,FALSE,VR2 W,,,FALSE,,,,,,,,,,,,,,,,,,,,ACTUAL,YES,DRM
260,DRM,35,,,,,8/18/2010,45.92622,-83.66004,,,,,FALSE,VR2 W,,,FALSE,,,,,,,,,,,,,,,,,,,,ACTUAL,YES,DRM
261,DRM,36,,,,,8/18/2010,45.92792,-83.66444,,,,,FALSE,VR2 W,,,FALSE,,,,,,,,,,,,,,,,,,,,ACTUAL,YES,DRM
262,DRM,37,,,,,8/18/2010,45.93236,-83.67062,,,,,FALSE,VR2 W,,,FALSE,,,,,,,,,,,,,,,,,,,,ACTUAL,YES,DRM
263,DRM,38,,,,,8/18/2010,45.92814,-83.66845,,,,,FALSE,VR2 W,,,FALSE,,,,,,,,,,,,,,,,,,,,ACTUAL,YES,DRM
264,DRM,39,,,,,8/18/2010,45.92564,-83.66698,,,,,FALSE,VR2 W,,,FALSE,,,,,,,,,,,,,,,,,,,,ACTUAL,YES,DRM
265,DRM,40,,,,,8/18/2010,45.92526,-83.66324,,,,,FALSE,VR2 W,,,FALSE,,,,,,,,,,,,,,,,,,,,ACTUAL,YES,DRM
266,DRM,41,,,,,8/18/2010,45.92329,-83.65959,,,,,FALSE,VR2 W,,,FALSE,,,,,,,,,,,,,,,,,,,,ACTUAL,YES,DRM
267,DRM,42,,,,,8/18/2010,45.92288,-83.66264,,,,,FALSE,VR2 W,,,FALSE,,,,,,,,,,,,,,,,,,,,ACTUAL,YES,DRM
268,DRM,43,,,,,8/18/2010,45.92322,-83.66605,,,,,FALSE,VR2 W,,,FALSE,,,,,,,,,,,,,,,,,,,,ACTUAL,YES,DRM
269,DRM,44,,,,,8/18/2010,45.92569,-83.67124,,,,,FALSE,VR2 W,,,FALSE,,,,,,,,,,,,,,,,,,,,ACTUAL,YES,DRM
270,DRM,45,,,,,8/18/2010,45.92392,-83.67507,,,,,FALSE,VR2 W,,,FALSE,,,,,,,,,,,,,,,,,,,,ACTUAL,YES,DRM
271,DRM,46,,,,,8/18/2010,45.92138,-83.67357,,,,,FALSE,VR2 W,,,FALSE,,,,,,,,,,,,,,,,,,,,ACTUAL,YES,DRM
272,DRM,47,,,,,8/18/2010,45.92172,-83.66977,,,,,FALSE,VR2 W,,,FALSE,,,,,,,,,,,,,,,,,,,,ACTUAL,YES,DRM
273,DRM,48,,,,,8/18/2010,45.91954,-83.66675,,,,,FALSE,VR2 W,,,FALSE,,,,,,,,,,,,,,,,,,,,ACTUAL,YES,DRM
274,DRM,49,,,,,8/18/2010,45.91615,-83.66677,,,,,FALSE,VR2 W,,,FALSE,,,,,,,,,,,,,,,,,,,,ACTUAL,YES,DRM
275,DRM,50,,,,,8/18/2010,45.91769,-83.67379,,,,,FALSE,VR2 W,,,FALSE,,,,,,,,,,,,,,,,,,,,ACTUAL,YES,DRM
276,DRM,51,,,,,8/18/2010,45.91388,-83.68297,,,,,FALSE,VR2 W,,,FALSE,,,,,,,,,,,,,,,,,,,,ACTUAL,YES,DRM
277,DRM,52,,,,,8/18/2010,45.91599,-83.68016,,,,,FALSE,VR2 W,,,FALSE,,,,,,,,,,,,,,,,,,,,ACTUAL,YES,DRM
278,DRM,53,,,,,8/18/2010,45.91754,-83.68451,,,,,FALSE,VR2 W,,,FALSE,,,,,,,,,,,,,,,,,,,,ACTUAL,YES,DRM
279,DRM,54,,,,,8/18/2010,45.92058,-83.68143,,,,,FALSE,VR2 W,,,FALSE,,,,,,,,,,,,,,,,,,,,ACTUAL,YES,DRM
280,DRM,55,,,,,8/18/2010,45.92385,-83.6808,,,,,FALSE,VR2 W,,,FALSE,,,,,,,,,,,,,,,,,,,,ACTUAL,YES,DRM
281,DRM,56,,,,,8/18/2010,45.9274,-83.67949,,,,,FALSE,VR2 W,,,FALSE,,,,,,,,,,,,,,,,,,,,ACTUAL,YES,DRM
282,DRM,57,,,,,8/18/2010,45.92644,-83.68491,,,,,FALSE,VR2 W,,,FALSE,,,,,,,,,,,,,,,,,,,,ACTUAL,YES,DRM
283,DRM,58,,,,,8/19/2010,45.92267,-83.68734,,,,,FALSE,VR2 W,,,FALSE,,,,,,,,,,,,,,,,,,,,ACTUAL,YES,DRM
284,DRM,59,,,,,8/19/2010,45.92107,-83.66048,,,,,FALSE,VR2 W,,,FALSE,,,,,,,,,,,,,,,,,,,,ACTUAL,YES,DRM
285,DRM,60,,,,,8/19/2010,45.91849,-83.6603,,,,,FALSE,VR2 W,,,FALSE,,,,,,,,,,,,,,,,,,,,ACTUAL,YES,DRM
286,DRM,61,,,,,8/19/2010,45.92071,-83.65556,,,,,FALSE,VR2 W,,,FALSE,,,,,,,,,,,,,,,,,,,,ACTUAL,YES,DRM
287,DRM,62,,,,,8/19/2010,45.91771,-83.65581,,,,,FALSE,VR2 W,,,FALSE,,,,,,,,,,,,,,,,,,,,ACTUAL,YES,DRM
288,DRM,63,,,,,8/19/2010,45.91922,-83.65126,,,,,FALSE,VR2 W,,,FALSE,,,,,,,,,,,,,,,,,,,,ACTUAL,YES,DRM
289,DRM,64,,,,,8/19/2010,45.9225,-83.6501,,,,,FALSE,VR2 W,,,FALSE,,,,,,,,,,,,,,,,,,,,ACTUAL,YES,DRM
290,DRM,65,,,,,8/19/2010,45.92578,-83.64845,,,,,FALSE,VR2 W,,,FALSE,,,,,,,,,,,,,,,,,,,,ACTUAL,YES,DRM
291,DRM,66,,,,,8/19/2010,45.9267,-83.64476,,,,,FALSE,VR2 W,,,FALSE,,,,,,,,,,,,,,,,,,,,ACTUAL,YES,DRM
292,DRM,67,,,,,8/19/2010,45.9233,-83.64526,,,,,FALSE,VR2 W,,,FALSE,,,,,,,,,,,,,,,,,,,,ACTUAL,YES,DRM
293,DRM,68,,,,,8/19/2010,45.9206,-83.64355,,,,,FALSE,VR2 W,,,FALSE,,,,,,,,,,,,,,,,,,,,ACTUAL,YES,DRM
294,DRM,69,,,,,8/19/2010,45.92569,-83.64045,,,,,FALSE,VR2 W,,,FALSE,,,,,,,,,,,,,,,,,,,,ACTUAL,YES,DRM
295,DRM,70,,,,,8/19/2010,45.92242,-83.64027,,,,,FALSE,VR2 W,,,FALSE,,,,,,,,,,,,,,,,,,,,ACTUAL,YES,DRM
296,DRM,71,,,,,8/19/2010,45.9189,-83.63814,,,,,FALSE,VR2 W,,,FALSE,,,,,,,,,,,,,,,,,,,,ACTUAL,YES,DRM
297,DRM,72,,,,,8/19/2010,45.92139,-83.63501,,,,,FALSE,VR2 W,,,FALSE,,,,,,,,,,,,,,,,,,,,ACTUAL,YES,DRM
298,DRM,73,,,,,8/19/2010,45.92398,-83.63582,,,,,FALSE,VR2 W,,,FALSE,,,,,,,,,,,,,,,,,,,,ACTUAL,YES,DRM
299,DRM,74,,,,,8/19/2010,45.92642,-83.63629,,,,,FALSE,VR2 W,,,FALSE,,,,,,,,,,,,,,,,,,,,ACTUAL,YES,DRM
300,DRM,75,,,,,8/19/2010,45.92656,-83.6322,,,,,FALSE,VR2 W,,,FALSE,,,,,,,,,,,,,,,,,,,,ACTUAL,YES,DRM
301,DRM,76,,,,,8/19/2010,45.92438,-83.63004,,,,,FALSE,VR2 W,,,FALSE,,,,,,,,,,,,,,,,,,,,ACTUAL,YES,DRM
302,DRM,77,,,,,8/19/2010,45.9221,-83.63001,,,,,FALSE,VR2 W,,,FALSE,,,,,,,,,,,,,,,,,,,,ACTUAL,YES,DRM
303,DRM,78,,,,,8/19/2010,45.924,-83.62537,,,,,FALSE,VR2 W,,,FALSE,,,,,,,,,,,,,,,,,,,,ACTUAL,YES,DRM
304,DRM,79,,,,,8/19/2010,45.92701,-83.62577,,,,,FALSE,VR2 W,,,FALSE,,,,,,,,,,,,,,,,,,,,ACTUAL,YES,DRM
305,DRM,80,,,,,8/19/2010,45.92972,-83.6213,,,,,FALSE,VR2 W,,,FALSE,,,,,,,,,,,,,,,,,,,,ACTUAL,YES,DRM
306,DRM,81,,,,,8/19/2010,45.92868,-83.61619,,,,,FALSE,VR2 W,,,FALSE,,,,,,,,,,,,,,,,,,,,ACTUAL,YES,DRM
307,DRM,82,,,,,8/19/2010,45.92595,-83.61989,,,,,FALSE,VR2 W,,,FALSE,,,,,,,,,,,,,,,,,,,,ACTUAL,YES,DRM
308,DRM,83,,,,,8/19/2010,45.92538,-83.61511,,,,,FALSE,VR2 W,,,FALSE,,,,,,,,,,,,,,,,,,,,ACTUAL,YES,DRM
309,DRM,84,,,,,8/19/2010,45.92109,-83.6141,,,,,FALSE,VR2 W,,,FALSE,,,,,,,,,,,,,,,,,,,,ACTUAL,YES,DRM
310,DRM,85,,,,,8/19/2010,45.92215,-83.61868,,,,,FALSE,VR2 W,,,FALSE,,,,,,,,,,,,,,,,,,,,ACTUAL,YES,DRM
311,DRM,86,,,,,8/19/2010,45.92099,-83.6235,,,,,FALSE,VR2 W,,,FALSE,,,,,,,,,,,,,,,,,,,,ACTUAL,YES,DRM
312,DRM,87,,,,,8/19/2010,45.9184,-83.62673,,,,,FALSE,VR2 W,,,FALSE,,,,,,,,,,,,,,,,,,,,ACTUAL,YES,DRM
313,DRM,88,,,,,8/19/2010,45.91844,-83.62169,,,,,FALSE,VR2 W,,,FALSE,,,,,,,,,,,,,,,,,,,,ACTUAL,YES,DRM
314,DRM,89,,,,,8/19/2010,45.91908,-83.61773,,,,,FALSE,VR2 W,,,FALSE,,,,,,,,,,,,,,,,,,,,ACTUAL,YES,DRM
315,DRM,90,,,,,8/19/2010,45.9164,-83.61549,,,,,FALSE,VR2 W,,,FALSE,,,,,,,,,,,,,,,,,,,,ACTUAL,YES,DRM
316,DRM,91,,,,,8/19/2010,45.91309,-83.61714,,,,,FALSE,VR2 W,,,FALSE,,,,,,,,,,,,,,,,,,,,ACTUAL,YES,DRM
317,DRM,92,,,,,8/19/2010,45.91507,-83.62198,,,,,FALSE,VR2 W,,,FALSE,,,,,,,,,,,,,,,,,,,,ACTUAL,YES,DRM
318,DRM,93,,,,,8/19/2010,45.91075,-83.62148,,,,,FALSE,VR2 W,,,FALSE,,,,,,,,,,,,,,,,,,,,ACTUAL,YES,DRM
319,DRM,94,,,,,8/19/2010,45.90829,-83.62065,,,,,FALSE,VR2 W,,,FALSE,,,,,,,,,,,,,,,,,,,,ACTUAL,YES,DRM
320,DRM,95,,,,,8/19/2010,45.90826,-83.62438,,,,,FALSE,VR2 W,,,FALSE,,,,,,,,,,,,,,,,,,,,ACTUAL,YES,DRM
321,DRM,96,,,,,8/19/2010,45.9129,-83.62566,,,,,FALSE,VR2 W,,,FALSE,,,,,,,,,,,,,,,,,,,,ACTUAL,YES,DRM
322,DRM,97,,,,,8/19/2010,45.91033,-83.62859,,,,,FALSE,VR2 W,,,FALSE,,,,,,,,,,,,,,,,,,,,ACTUAL,YES,DRM
323,DRM,98,,,,,8/19/2010,45.90525,-83.66994,,,,,FALSE,VR2 W,,,FALSE,,,,,,,,,,,,,,,,,,,,ACTUAL,YES,DRM
324,DRM,99,,,,,8/20/2010,45.94151,-83.65105,,,,,FALSE,VR2 W,,,FALSE,,,,,,,,,,,,,,,,,,,,ACTUAL,YES,DRM
325,DRM,100,,,,,8/20/2010,45.93623,-83.65905,,,,,FALSE,VR2 W,,,FALSE,,,,,,,,,,,,,,,,,,,,ACTUAL,YES,DRM
326,DRM,101,,,,,8/20/2010,45.93812,-83.6622,,,,,FALSE,VR2 W,,,FALSE,,,,,,,,,,,,,,,,,,,,ACTUAL,YES,DRM
327,DRM,102,,,,,8/20/2010,45.93651,-83.66704,,,,,FALSE,VR2 W,,,FALSE,,,,,,,,,,,,,,,,,,,,ACTUAL,YES,DRM
328,DRM,103,,,,,10/4/2010,45.92679,-83.66614,,,,,FALSE,VR2 W,,,FALSE,,,,,,,,,,,,,,,,,,,,ACTUAL,YES,DRM
329,DRM,104,,,,,10/4/2010,45.92426,-83.66465,,,,,FALSE,VR2 W,,,FALSE,,,,,,,,,,,,,,,,,,,,ACTUAL,YES,DRM
330,DRM,105,,,,,10/4/2010,45.92457,-83.66119,,,,,FALSE,VR2 W,,,FALSE,,,,,,,,,,,,,,,,,,,,ACTUAL,YES,DRM
331,DRM,106,,,,,10/4/2010,45.92568,-83.65815,,,,,FALSE,VR2 W,,,FALSE,,,,,,,,,,,,,,,,,,,,ACTUAL,YES,DRM
332,DRM,108,,,,,10/4/2010,45.93075,-83.65112,,,,,FALSE,VR2 W,,,FALSE,,,,,,,,,,,,,,,,,,,,ACTUAL,YES,DRM
333,DRM,109,,,,,8/25/2010,45.92651,-83.71804,,,,,FALSE,VR2 W,,,FALSE,,,,,,,,,,,,,,,,,,,,ACTUAL,YES,DRM
334,DRM,110,,,,,8/25/2010,45.91921,-83.71837,,,,,FALSE,VR2 W,,,FALSE,,,,,,,,,,,,,,,,,,,,ACTUAL,YES,DRM
335,DRM,111,,,,,8/25/2010,45.9123,-83.7175,,,,,FALSE,VR2 W,,,FALSE,,,,,,,,,,,,,,,,,,,,ACTUAL,YES,DRM
336,DRM,112,,,,,8/25/2010,45.90395,-83.71304,,,,,FALSE,VR2 W,,,FALSE,,,,,,,,,,,,,,,,,,,,ACTUAL,YES,DRM
337,DRM,113,,,,,8/25/2010,45.89453,-83.70346,,,,,FALSE,VR2 W,,,FALSE,,,,,,,,,,,,,,,,,,,,ACTUAL,YES,DRM
338,DRM,114,,,,,8/25/2010,45.88814,-83.69154,,,,,FALSE,VR2 W,,,FALSE,,,,,,,,,,,,,,,,,,,,ACTUAL,YES,DRM
339,DRM,115,,,,,8/25/2010,45.88594,-83.6755,,,,,FALSE,VR2 W,,,FALSE,,,,,,,,,,,,,,,,,,,,ACTUAL,YES,DRM
340,DRM,116,,,,,8/25/2010,45.88512,-83.66078,,,,,FALSE,VR2 W,,,FALSE,,,,,,,,,,,,,,,,,,,,ACTUAL,YES,DRM
341,DRM,117,,,,,8/25/2010,45.885,-83.64557,,,,,FALSE,VR2 W,,,FALSE,,,,,,,,,,,,,,,,,,,,ACTUAL,YES,DRM
342,DRM,118,,,,,8/25/2010,45.88592,-83.62921,,,,,FALSE,VR2 W,,,FALSE,,,,,,,,,,,,,,,,,,,,ACTUAL,YES,DRM
343,DRM,119,,,,,8/25/2010,45.88837,-83.61417,,,,,FALSE,VR2 W,,,FALSE,,,,,,,,,,,,,,,,,,,,ACTUAL,YES,DRM
344,DRM,120,,,,,8/25/2010,45.89313,-83.60153,,,,,FALSE,VR2 W,,,FALSE,,,,,,,,,,,,,,,,,,,,ACTUAL,YES,DRM
345,DRM,121,,,,,8/25/2010,45.89962,-83.5924,,,,,FALSE,VR2 W,,,FALSE,,,,,,,,,,,,,,,,,,,,ACTUAL,YES,DRM
346,DRM,122,,,,,8/25/2010,45.90652,-83.58799,,,,,FALSE,VR2 W,,,FALSE,,,,,,,,,,,,,,,,,,,,ACTUAL,YES,DRM
347,DRM,123,,,,,8/25/2010,45.91245,-83.58466,,,,,FALSE,VR2 W,,,FALSE,,,,,,,,,,,,,,,,,,,,ACTUAL,YES,DRM
348,DRM,124,,,,,8/25/2010,45.92819,-83.83811,,,,,FALSE,VR2 W,,,FALSE,,,,,,,,,,,,,,,,,,,,ACTUAL,YES,DRM
349,DRM,125,,,,,8/25/2010,45.91725,-83.84248,,,,,FALSE,VR2 W,,,FALSE,,,,,,,,,,,,,,,,,,,,ACTUAL,YES,DRM
350,DRM,126,,,,,8/25/2010,45.90804,-83.831,,,,,FALSE,VR2 W,,,FALSE,,,,,,,,,,,,,,,,,,,,ACTUAL,YES,DRM
351,DRM,127,,,,,8/25/2010,45.90163,-83.81941,,,,,FALSE,VR2 W,,,FALSE,,,,,,,,,,,,,,,,,,,,ACTUAL,YES,DRM
352,DRM,128,,,,,10/4/2010,45.92371,-83.76874,,,,,FALSE,VR2 W,,,FALSE,,,,,,,,,,,,,,,,,,,,ACTUAL,YES,DRM
353,DRM,129,,,,,10/4/2010,45.91479,-83.73607,,,,,FALSE,VR2 W,,,FALSE,,,,,,,,,,,,,,,,,,,,ACTUAL,YES,DRM
354,DRM,130,,,,,10/6/2010,45.91082,-83.60065,,,,,FALSE,VR2 W,,,FALSE,,,,,,,,,,,,,,,,,,,,ACTUAL,YES,DRM
355,DTR,1,,,,,8/27/2010,45.97745,-83.8974,,,,,FALSE,VR3 UWM,,,FALSE,,,,,,,,,,,,,,,,,,,,ACTUAL,YES,DRM
356,DTR,2,,,,,8/27/2010,45.97678,-83.88741,,,,,FALSE,VR3 UWM,,,FALSE,,,,,,,,,,,,,,,,,,,,ACTUAL,YES,DRM
357,DTR,3,,,,,8/27/2010,45.99793,-83.87854,,,,,FALSE,VR3 UWM,,,FALSE,,,,,,,,,,,,,,,,,,,,ACTUAL,YES,DRM
358,DTR,4,,,,,8/27/2010,45.99861,-83.8916,,,,,FALSE,VR3 UWM,,,FALSE,,,,,,,,,,,,,,,,,,,,ACTUAL,YES,DRM
359,FDT,1,,,,,8/24/2010,45.93014,-83.50204,,,,,FALSE,VR3 UWM,,,FALSE,,,,,,,,,,,,,,,,,,,,ACTUAL,YES,DRM
360,FDT,2,,,,,8/24/2010,45.92377,-83.48483,,,,,FALSE,VR3 UWM,,,FALSE,,,,,,,,,,,,,,,,,,,,ACTUAL,YES,DRM
361,FDT,3,,,,,8/24/2010,45.93794,-83.46884,,,,,FALSE,VR3 UWM,,,FALSE,,,,,,,,,,,,,,,,,,,,ACTUAL,YES,DRM
362,FDT,4,,,,,8/24/2010,45.94764,-83.48847,,,,,FALSE,VR3 UWM,,,FALSE,,,,,,,,,,,,,,,,,,,,ACTUAL,YES,DRM
363,MRS,1,,,,,9/1/2010,43.22963,-86.33411,,,,,FALSE,Sonotronics SUR,,,FALSE,,,,,,,,,,,,,,,,,,,,ACTUAL,NO,MRS
364,MRS,2,,,,,9/1/2010,43.23178,-86.32678,,,,,FALSE,Sonotronics SUR,,,FALSE,,,,,,,,,,,,,,,,,,,,ACTUAL,NO,MRS
365,MRS,3,,,,,5/1/2011,43.35561,-85.92938,,,,,FALSE,Sonotronics SUR,,,FALSE,,,,,,,,,,,,,,,,,,,,ACTUAL,YES,MRS
366,MRS,4,,,,,5/1/2011,43.31402,-86.32768,,,,,FALSE,Sonotronics SUR,,,FALSE,,,,,,,,,,,,,,,,,,,,ACTUAL,YES,MRS
367,MRS,5,,,,,5/1/2011,43.41223,-85.74175,,,,,FALSE,Sonotronics SUR,,,FALSE,,,,,,,,,,,,,,,,,,,,ACTUAL,YES,MRS
368,MRS,6,,,,,5/1/2011,43.42075,-85.73516,,,,,FALSE,Sonotronics SUR,,,FALSE,,,,,,,,,,,,,,,,,,,,ACTUAL,YES,MRS
369,MRS,7,,,,,5/1/2011,43.42129,-85.68906,,,,,FALSE,Sonotronics SUR,,,FALSE,,,,,,,,,,,,,,,,,,,,ACTUAL,YES,MRS
