ID,OTN_ARRAY,STATION_NO,CONSECUTIVE_DEPLOY_NO,INTEND_LAT,INTEND_LONG,OTN_MISSION_ID,DEPLOY_DATE_TIME,DEPLOY_LAT,DEPLOY_LONG,BOTTOM_DEPTH,RISER_LENGTH,INSTRUMENT_DEPTH,CHECWLK_COMPLETE_TIME,STATUS_IN,INS_MODEL_NUMBER,INS_SERIAL_NUMBER,SYNC_DATE_TIME,MEMORY_ERASED_AT_DEPLOY,RCV_BATTERY_INSTALL_DATE,RCV_EXPECTED_BATTERY_LIFE,RCV_VOLTAGE_AT_DEPLOY,RCV_TILT_AFTER_DEPLOY,AR_MODEL_NUMBER,AR_SERIAL_NUMBER,AR_BATTERY_INSTALL_DATE,AR_EXPECTED_BATTERY_LIFE,AR_VOLTAGE_AT_DEPLOY,AR_TILT_AFTER_DEPLOY,AR_INTERROGATE_CODE,AR_RECEIVE_FREQUENCY,AR_REPLY_FREQUENCY,AR_PING_RATE,AR_ENABLE_CODE_ADDRESS,AR_RELEASE_CODE,AR_DISABLE_CODE,AR_TILT_CODE,DEPLOYED_BY,GLATOS_STATUS,GLATOS_SEASONAL,GLATOS_STUDY,FREQUENCY
1,BLL,001,,,,,4/26/2011,46.53548,-84.21334,,,,,,VR2 W,,,,,,,,,,,,,,,,,,,,,,,ACTUAL,YES,SMRSL,69 kHz
2,BRS,001,,,,,4/27/2011,46.47057,-84.4601,,,,,,VR2 W,,,,,,,,,,,,,,,,,,,,,,,ACTUAL,YES,SMRSL,69 kHz
3,BRS,002,,,,,4/27/2011,46.47314,-84.46475,,,,,,VR2 W,,,,,,,,,,,,,,,,,,,,,,,ACTUAL,YES,SMRSL,69 kHz
4,CHR,001,,,,,4/26/2011,46.32385,-84.23487,,,,,,VR2 W,,,,,,,,,,,,,,,,,,,,,,,ACTUAL,YES,SMRSL,69 kHz
5,CKI,001,,,,,4/26/2011,46.49511,-84.26829,,,,,,VR2 W,,,,,,,,,,,,,,,,,,,,,,,ACTUAL,YES,SMRSL,69 kHz
6,CKI,002,,,,,5/11/2011,46.49664,-84.2621,,,,,,VR2 W,,,,,,,,,,,,,,,,,,,,,,,ACTUAL,YES,SMRSL,69 kHz
7,CKI,003,,,,,4/26/2011,46.49564,-84.27901,,,,,,VR2 W,,,,,,,,,,,,,,,,,,,,,,,ACTUAL,YES,SMRSL,69 kHz
8,CKI,004,,,,,4/26/2011,46.4946,-84.27208,,,,,,VR2 W,,,,,,,,,,,,,,,,,,,,,,,ACTUAL,YES,SMRSL,69 kHz
9,CKI,005,,,,,4/26/2011,46.49582,-84.27356,,,,,,VR2 W,,,,,,,,,,,,,,,,,,,,,,,ACTUAL,YES,SMRSL,69 kHz
10,DCK,001,,,,,4/25/2011,46.35817,-84.1351,,,,,,VR2 W,,,,,,,,,,,,,,,,,,,,,,,ACTUAL,YES,SMRSL,69 kHz
11,DCK,002,,,,,4/25/2011,46.3603,-84.12911,,,,,,VR2 W,,,,,,,,,,,,,,,,,,,,,,,ACTUAL,YES,SMRSL,69 kHz
12,EDS,001,,,,,5/2/2011,46.49858,-84.33344,,,,,,VR2 W,,,,,,,,,,,,,,,,,,,,,,,ACTUAL,YES,SMRSL,69 kHz
13,EDS,002,,,,,5/2/2011,46.49879,-84.3339,,,,,,VR2 W,,,,,,,,,,,,,,,,,,,,,,,ACTUAL,YES,SMRSL,69 kHz
14,EDS,003,,,,,5/2/2011,46.49855,-84.33418,,,,,,VR2 W,,,,,,,,,,,,,,,,,,,,,,,ACTUAL,YES,SMRSL,69 kHz
15,EDS,004,,,,,5/2/2011,46.49831,-84.33359,,,,,,VR2 W,,,,,,,,,,,,,,,,,,,,,,,ACTUAL,YES,SMRSL,69 kHz
16,GRD,002,,,,,4/25/2011,46.52976,-84.15162,,,,,,VR2 W,,,,,,,,,,,,,,,,,,,,,,,ACTUAL,YES,SMRSL,69 kHz
17,GRD,003,,,,,4/25/2011,46.52865,-84.15153,,,,,,VR2 W,,,,,,,,,,,,,,,,,,,,,,,ACTUAL,YES,SMRSL,69 kHz
18,GRD,004,,,,,4/25/2011,46.52936,-84.15208,,,,,,VR2 W,,,,,,,,,,,,,,,,,,,,,,,ACTUAL,YES,SMRSL,69 kHz
19,GRD,005,,,,,4/25/2011,46.52819,-84.15257,,,,,,VR2 W,,,,,,,,,,,,,,,,,,,,,,,ACTUAL,YES,SMRSL,69 kHz
20,GRD,006,,,,,4/25/2011,46.52884,-84.15327,,,,,,VR2 W,,,,,,,,,,,,,,,,,,,,,,,ACTUAL,YES,SMRSL,69 kHz
21,GRD,010,,,,,5/18/2011,46.53321,-84.15925,,,,,,VR2 W,,,,,,,,,,,,,,,,,,,,,,,ACTUAL,YES,SMRSL,69 kHz
22,GRD,011,,,,,5/24/2011,46.53402,-84.15312,,,,,,VR2 W,,,,,,,,,,,,,,,,,,,,,,,ACTUAL,YES,SMRSL,69 kHz
23,IS1,002,,,,,4/27/2011,46.47802,-84.29275,,,,,,VR2 W,,,,,,,,,,,,,,,,,,,,,,,ACTUAL,YES,SMRSL,69 kHz
24,IS1,004,,,,,4/27/2011,46.48143,-84.3983,,,,,,VR2 W,,,,,,,,,,,,,,,,,,,,,,,ACTUAL,YES,SMRSL,69 kHz
25,LRC,001,,,,,4/25/2011,46.26305,-84.18961,,,,,,VR2 W,,,,,,,,,,,,,,,,,,,,,,,ACTUAL,YES,SMRSL,69 kHz
26,LRC,003,,,,,4/25/2011,46.26505,-84.1865,,,,,,VR2 W,,,,,,,,,,,,,,,,,,,,,,,ACTUAL,YES,SMRSL,69 kHz
27,LRC,004,,,,,4/25/2011,46.26421,-84.18837,,,,,,VR2 W,,,,,,,,,,,,,,,,,,,,,,,ACTUAL,YES,SMRSL,69 kHz
28,LRC,005,,,,,4/25/2011,46.26354,-84.18998,,,,,,VR2 W,,,,,,,,,,,,,,,,,,,,,,,ACTUAL,YES,SMRSL,69 kHz
29,LRC,006,,,,,4/25/2011,46.26476,-84.18876,,,,,,VR2 W,,,,,,,,,,,,,,,,,,,,,,,ACTUAL,YES,SMRSL,69 kHz
30,LRC,007,,,,,4/25/2011,46.26414,-84.19046,,,,,,VR2 W,,,,,,,,,,,,,,,,,,,,,,,ACTUAL,YES,SMRSL,69 kHz
31,LRP,001,,,,,4/27/2011,46.48011,-84.2878,,,,,,VR2 W,,,,,,,,,,,,,,,,,,,,,,,ACTUAL,YES,SMRSL,69 kHz
32,MNB,001,,,,,4/25/2011,46.32634,-84.15932,,,,,,VR2 W,,,,,,,,,,,,,,,,,,,,,,,ACTUAL,YES,SMRSL,69 kHz
33,MNB,002,,,,,4/25/2011,46.32631,-84.15779,,,,,,VR2 W,,,,,,,,,,,,,,,,,,,,,,,ACTUAL,YES,SMRSL,69 kHz
34,MNB,005,,,,,4/25/2011,46.3259,-84.15764,,,,,,VR2 W,,,,,,,,,,,,,,,,,,,,,,,ACTUAL,YES,SMRSL,69 kHz
35,OVP,001,,,,,4/27/2011,46.49767,-84.38947,,,,,,VR2 W,,,,,,,,,,,,,,,,,,,,,,,ACTUAL,YES,SMRSL,69 kHz
36,OVP,002,,,,,4/27/2011,46.50206,-84.39233,,,,,,VR2 W,,,,,,,,,,,,,,,,,,,,,,,ACTUAL,YES,SMRSL,69 kHz
37,OVP,003,,,,,4/27/2011,46.50366,-84.39418,,,,,,VR2 W,,,,,,,,,,,,,,,,,,,,,,,ACTUAL,YES,SMRSL,69 kHz
38,PCH,001,,,,,4/26/2011,46.52568,-84.17261,,,,,,VR2 W,,,,,,,,,,,,,,,,,,,,,,,ACTUAL,YES,SMRSL,69 kHz
39,PCH,002,,,,,4/26/2011,46.52794,-84.12245,,,,,,VR2 W,,,,,,,,,,,,,,,,,,,,,,,ACTUAL,YES,SMRSL,69 kHz
40,RNS,003,,,,,4/25/2011,46.25246,-84.09887,,,,,,VR2 W,,,,,,,,,,,,,,,,,,,,,,,ACTUAL,YES,SMRSL,69 kHz
41,RNS,006,,,,,4/25/2011,46.2536,-84.1023,,,,,,VR2 W,,,,,,,,,,,,,,,,,,,,,,,ACTUAL,YES,SMRSL,69 kHz
42,RTR,001,,,,,5/24/2011,46.54233,-84.21272,,,,,,VR2 W,,,,,,,,,,,,,,,,,,,,,,,ACTUAL,YES,SMRSL,69 kHz
43,RTR,002,,,,,5/18/2011,46.54275,-84.21596,,,,,,VR2 W,,,,,,,,,,,,,,,,,,,,,,,ACTUAL,YES,SMRSL,69 kHz
44,RVR,001,,,,,4/27/2011,46.46682,-84.29266,,,,,,VR2 W,,,,,,,,,,,,,,,,,,,,,,,ACTUAL,YES,SMRSL,69 kHz
45,RVR,002,,,,,4/27/2011,46.47621,-84.30229,,,,,,VR2 W,,,,,,,,,,,,,,,,,,,,,,,ACTUAL,YES,SMRSL,69 kHz
46,SQR,001,,,,,4/25/2011,46.5145,-84.11586,,,,,,VR2 W,,,,,,,,,,,,,,,,,,,,,,,ACTUAL,YES,SMRSL,69 kHz
47,SQR,002,,,,,4/25/2011,46.51362,-84.11764,,,,,,VR2 W,,,,,,,,,,,,,,,,,,,,,,,ACTUAL,YES,SMRSL,69 kHz
48,SQR,003,,,,,4/25/2011,46.51278,-84.11596,,,,,,VR2 W,,,,,,,,,,,,,,,,,,,,,,,ACTUAL,YES,SMRSL,69 kHz
49,SQR,004,,,,,4/25/2011,46.51394,-84.11397,,,,,,VR2 W,,,,,,,,,,,,,,,,,,,,,,,ACTUAL,YES,SMRSL,69 kHz
50,SSM,001,,,,,5/2/2011,46.5102,-84.34106,,,,,,VR2 W,,,,,,,,,,,,,,,,,,,,,,,ACTUAL,YES,SMRSL,69 kHz
51,SSM,002,,,,,5/2/2011,46.50894,-84.34162,,,,,,VR2 W,,,,,,,,,,,,,,,,,,,,,,,ACTUAL,YES,SMRSL,69 kHz
52,SSM,003,,,,,5/11/2011,46.50692,-84.34166,,,,,,VR2 W,,,,,,,,,,,,,,,,,,,,,,,ACTUAL,YES,SMRSL,69 kHz
53,SSM,004,,,,,5/2/2011,46.50049,-84.33755,,,,,,VR2 W,,,,,,,,,,,,,,,,,,,,,,,ACTUAL,YES,SMRSL,69 kHz
54,SSM,006,,,,,5/11/2011,46.50553,-84.33995,,,,,,VR2 W,,,,,,,,,,,,,,,,,,,,,,,ACTUAL,YES,SMRSL,69 kHz
55,SSM,008,,,,,5/11/2011,46.5062,-84.34212,,,,,,VR2 W,,,,,,,,,,,,,,,,,,,,,,,ACTUAL,YES,SMRSL,69 kHz
56,SSM,009,,,,,5/11/2011,46.50589,-84.34477,,,,,,VR2 W,,,,,,,,,,,,,,,,,,,,,,,ACTUAL,YES,SMRSL,69 kHz
57,SSM,010,,,,,5/11/2011,46.50696,-84.34477,,,,,,VR2 W,,,,,,,,,,,,,,,,,,,,,,,ACTUAL,YES,SMRSL,69 kHz
58,SSM,011,,,,,5/2/2011,46.5078,-84.34188,,,,,,VR2 W,,,,,,,,,,,,,,,,,,,,,,,ACTUAL,YES,SMRSL,69 kHz
59,SSM,012,,,,,5/2/2011,46.50816,-84.34528,,,,,,VR2 W,,,,,,,,,,,,,,,,,,,,,,,ACTUAL,YES,SMRSL,69 kHz
60,SSM,013,,,,,5/2/2011,46.50851,-84.34321,,,,,,VR2 W,,,,,,,,,,,,,,,,,,,,,,,ACTUAL,YES,SMRSL,69 kHz
61,SSM,014,,,,,5/2/2011,46.50963,-84.3393,,,,,,VR2 W,,,,,,,,,,,,,,,,,,,,,,,ACTUAL,YES,SMRSL,69 kHz
62,SSM,015,,,,,5/2/2011,46.51116,-84.34283,,,,,,VR2 W,,,,,,,,,,,,,,,,,,,,,,,ACTUAL,YES,SMRSL,69 kHz
63,SSM,016,,,,,5/2/2011,46.51163,-84.34044,,,,,,VR2 W,,,,,,,,,,,,,,,,,,,,,,,ACTUAL,YES,SMRSL,69 kHz
64,SSM,018,,,,,5/2/2011,46.51284,-84.34411,,,,,,VR2 W,,,,,,,,,,,,,,,,,,,,,,,ACTUAL,YES,SMRSL,69 kHz
65,SSM,019,,,,,5/2/2011,46.51307,-84.34192,,,,,,VR2 W,,,,,,,,,,,,,,,,,,,,,,,ACTUAL,YES,SMRSL,69 kHz
66,SSM,020,,,,,5/2/2011,46.50953,-84.34276,,,,,,VR2 W,,,,,,,,,,,,,,,,,,,,,,,ACTUAL,YES,SMRSL,69 kHz
67,STR,001,,,,,4/25/2011,46.31731,-84.11905,,,,,,VR2 W,,,,,,,,,,,,,,,,,,,,,,,ACTUAL,YES,SMRSL,69 kHz
68,STR,002,,,,,4/25/2011,46.31875,-84.11188,,,,,,VR2 W,,,,,,,,,,,,,,,,,,,,,,,ACTUAL,YES,SMRSL,69 kHz
69,URC,004,,,,,4/25/2011,46.2864,-84.21157,,,,,,VR2 W,,,,,,,,,,,,,,,,,,,,,,,ACTUAL,YES,SMRSL,69 kHz
70,BBI,001,,,,,5/13/2011,45.67467,-84.41952,,,,,,VR2 W,,,,,,,,,,,,,,,,,,,,,,,ACTUAL,NO,HECWL,69 kHz
71,BBI,002,,,,,9/14/2010,45.68316,-84.41941,,,,,,VR2 W,,,,,,,,,,,,,,,,,,,,,,,ACTUAL,NO,HECWL,69 kHz
72,BBI,003,,,,,9/14/2010,45.69116,-84.41951,,,,,,VR2 W,,,,,,,,,,,,,,,,,,,,,,,ACTUAL,NO,HECWL,69 kHz
73,BBI,004,,,,,9/14/2010,45.69908,-84.41951,,,,,,VR2 W,,,,,,,,,,,,,,,,,,,,,,,ACTUAL,NO,HECWL,69 kHz
74,BBI,005,,,,,9/14/2010,45.70701,-84.41849,,,,,,VR2 W,,,,,,,,,,,,,,,,,,,,,,,ACTUAL,NO,HECWL,69 kHz
75,BBI,006,,,,,5/13/2011,45.71467,-84.41903,,,,,,VR2 W,,,,,,,,,,,,,,,,,,,,,,,ACTUAL,NO,HECWL,69 kHz
76,BWA,001,,,,,4/19/2011,43.00685,-82.41977,,,,,,VR2 W,,,,,,,,,,,,,,,,,,,,,,,ACTUAL,NO,HECWL,69 kHz
77,BWA,002,,,,,4/19/2011,43.00373,-82.41725,,,,,,VR2 W,,,,,,,,,,,,,,,,,,,,,,,ACTUAL,NO,HECWL,69 kHz
78,BWB,001,,,,,4/19/2011,42.97987,-82.41373,,,,,,VR2 W,,,,,,,,,,,,,,,,,,,,,,,ACTUAL,NO,HECWL,69 kHz
79,BWB,002,,,,,4/19/2011,42.98182,-82.42081,,,,,,VR2 W,,,,,,,,,,,,,,,,,,,,,,,ACTUAL,NO,HECWL,69 kHz
80,FMP,001,,,,,9/15/2010,45.49065,-83.9105,,,,,,VR2 W,,,,,,,,,,,,,,,,,,,,,,,ACTUAL,NO,HECWL,69 kHz
81,FMP,002,,,,,9/15/2010,45.49911,-83.90592,,,,,,VR2 W,,,,,,,,,,,,,,,,,,,,,,,ACTUAL,NO,HECWL,69 kHz
82,FMP,003,,,,,9/15/2010,45.50758,-83.90125,,,,,,VR2 W,,,,,,,,,,,,,,,,,,,,,,,ACTUAL,NO,HECWL,69 kHz
83,GRS,001,,,,,4/21/2011,42.12896,-83.13953,,,,,,VR2 W,,,,,,,,,,,,,,,,,,,,,,,ACTUAL,NO,HECWL,69 kHz
84,GRS,002,,,,,4/21/2011,42.09198,-83.14936,,,,,,VR2 W,,,,,,,,,,,,,,,,,,,,,,,ACTUAL,NO,HECWL,69 kHz
85,LVD,001,,,,,4/21/2011,42.1293,-83.12518,,,,,,VR2 W,,,,,,,,,,,,,,,,,,,,,,,ACTUAL,NO,HECWL,69 kHz
86,LVD,002,,,,,4/21/2011,42.12159,-83.12621,,,,,,VR2 W,,,,,,,,,,,,,,,,,,,,,,,ACTUAL,NO,HECWL,69 kHz
87,LVU,001,,,,,4/21/2011,42.12767,-83.11902,,,,,,VR2 W,,,,,,,,,,,,,,,,,,,,,,,ACTUAL,NO,HECWL,69 kHz
88,LVU,002,,,,,4/21/2011,42.11935,-83.11705,,,,,,VR2 W,,,,,,,,,,,,,,,,,,,,,,,ACTUAL,NO,HECWL,69 kHz
89,MAU,001,,,,,3/25/2011,41.571,-83.61712,,,,,,VR2 W,,,,,,,,,,,,,,,,,,,,,,,ACTUAL,NO,HECWL,69 kHz
90,MAU,002,,,,,3/25/2011,41.57428,-83.60693,,,,,,VR2 W,,,,,,,,,,,,,,,,,,,,,,,ACTUAL,NO,HECWL,69 kHz
91,MAU,003,,,,,3/25/2011,41.57612,-83.61071,,,,,,VR2 W,,,,,,,,,,,,,,,,,,,,,,,ACTUAL,NO,HECWL,69 kHz
92,OSC,001,,,,,5/5/2011,44.45195,-83.31855,,,,,,VR2 W,,,,,,,,,,,,,,,,,,,,,,,ACTUAL,NO,HECWL,69 kHz
93,OSC,002,,,,,9/22/2010,44.45157,-83.30574,,,,,,VR2 W,,,,,,,,,,,,,,,,,,,,,,,ACTUAL,NO,HECWL,69 kHz
94,OSC,003,,,,,9/22/2010,44.45158,-83.29331,,,,,,VR2 W,,,,,,,,,,,,,,,,,,,,,,,ACTUAL,NO,HECWL,69 kHz
95,OSC,004,,,,,9/22/2010,44.45159,-83.2808,,,,,,VR2 W,,,,,,,,,,,,,,,,,,,,,,,ACTUAL,NO,HECWL,69 kHz
96,OSC,005,,,,,9/22/2010,44.45165,-83.26799,,,,,,VR2 W,,,,,,,,,,,,,,,,,,,,,,,ACTUAL,NO,HECWL,69 kHz
97,OSC,006,,,,,9/22/2010,44.45159,-83.25502,,,,,,VR2 W,,,,,,,,,,,,,,,,,,,,,,,ACTUAL,NO,HECWL,69 kHz
98,OSC,007,,,,,9/22/2010,44.45155,-83.24261,,,,,,VR2 W,,,,,,,,,,,,,,,,,,,,,,,ACTUAL,NO,HECWL,69 kHz
99,OSC,008,,,,,9/22/2010,44.45155,-83.23006,,,,,,VR2 W,,,,,,,,,,,,,,,,,,,,,,,ACTUAL,NO,HECWL,69 kHz
100,OSC,009,,,,,9/22/2010,44.45146,-83.21752,,,,,,VR2 W,,,,,,,,,,,,,,,,,,,,,,,ACTUAL,NO,HECWL,69 kHz
101,OSC,010,,,,,9/22/2010,44.45147,-83.20462,,,,,,VR2 W,,,,,,,,,,,,,,,,,,,,,,,ACTUAL,NO,HECWL,69 kHz
102,OSC,011,,,,,9/22/2010,44.45151,-83.19199,,,,,,VR2 W,,,,,,,,,,,,,,,,,,,,,,,ACTUAL,NO,HECWL,69 kHz
103,OSC,012,,,,,9/22/2010,44.45154,-83.17941,,,,,,VR2 W,,,,,,,,,,,,,,,,,,,,,,,ACTUAL,NO,HECWL,69 kHz
104,PRS,001,,,,,9/15/2010,45.33385,-83.45832,,,,,,VR2 W,,,,,,,,,,,,,,,,,,,,,,,ACTUAL,NO,HECWL,69 kHz
105,PRS,002,,,,,9/15/2010,45.33988,-83.44838,,,,,,VR2 W,,,,,,,,,,,,,,,,,,,,,,,ACTUAL,NO,HECWL,69 kHz
106,PRS,003,,,,,9/15/2010,45.34606,-83.43851,,,,,,VR2 W,,,,,,,,,,,,,,,,,,,,,,,ACTUAL,NO,HECWL,69 kHz
107,SBI,001,,,,,5/5/2011,44.17871,-83.54776,,,,,,VR2 W,,,,,,,,,,,,,,,,,,,,,,,ACTUAL,NO,HECWL,69 kHz
108,SBI,002,,,,,9/22/2010,44.17713,-83.54172,,,,,,VR2 W,,,,,,,,,,,,,,,,,,,,,,,ACTUAL,NO,HECWL,69 kHz
109,SBI,003,,,,,9/22/2010,44.17254,-83.53088,,,,,,VR2 W,,,,,,,,,,,,,,,,,,,,,,,ACTUAL,NO,HECWL,69 kHz
110,SBI,004,,,,,9/22/2010,44.16792,-83.52018,,,,,,VR2 W,,,,,,,,,,,,,,,,,,,,,,,ACTUAL,NO,HECWL,69 kHz
111,SBI,005,,,,,9/22/2010,44.16338,-83.50944,,,,,,VR2 W,,,,,,,,,,,,,,,,,,,,,,,ACTUAL,NO,HECWL,69 kHz
112,SBI,006,,,,,9/20/2010,44.1589,-83.49872,,,,,,VR2 W,,,,,,,,,,,,,,,,,,,,,,,ACTUAL,NO,HECWL,69 kHz
113,SBI,007,,,,,9/20/2010,44.15433,-83.48784,,,,,,VR2 W,,,,,,,,,,,,,,,,,,,,,,,ACTUAL,NO,HECWL,69 kHz
114,SBI,008,,,,,9/20/2010,44.14976,-83.4771,,,,,,VR2 W,,,,,,,,,,,,,,,,,,,,,,,ACTUAL,NO,HECWL,69 kHz
115,SBI,009,,,,,9/20/2010,44.14518,-83.46636,,,,,,VR2 W,,,,,,,,,,,,,,,,,,,,,,,ACTUAL,NO,HECWL,69 kHz
116,SBI,010,,,,,9/20/2010,44.14067,-83.45554,,,,,,VR2 W,,,,,,,,,,,,,,,,,,,,,,,ACTUAL,NO,HECWL,69 kHz
117,SBI,011,,,,,9/20/2010,44.13609,-83.44477,,,,,,VR2 W,,,,,,,,,,,,,,,,,,,,,,,ACTUAL,NO,HECWL,69 kHz
118,SBI,012,,,,,9/20/2010,44.1315,-83.434,,,,,,VR2 W,,,,,,,,,,,,,,,,,,,,,,,ACTUAL,NO,HECWL,69 kHz
119,SBI,013,,,,,9/20/2010,44.12693,-83.4232,,,,,,VR2 W,,,,,,,,,,,,,,,,,,,,,,,ACTUAL,NO,HECWL,69 kHz
120,SBI,014,,,,,9/20/2010,44.12246,-83.41243,,,,,,VR2 W,,,,,,,,,,,,,,,,,,,,,,,ACTUAL,NO,HECWL,69 kHz
121,SBI,015,,,,,9/20/2010,44.11783,-83.40165,,,,,,VR2 W,,,,,,,,,,,,,,,,,,,,,,,ACTUAL,NO,HECWL,69 kHz
122,SBI,016,,,,,9/20/2010,44.11323,-83.39078,,,,,,VR2 W,,,,,,,,,,,,,,,,,,,,,,,ACTUAL,NO,HECWL,69 kHz
123,SBI,017,,,,,9/20/2010,44.10872,-83.38012,,,,,,VR2 W,,,,,,,,,,,,,,,,,,,,,,,ACTUAL,NO,HECWL,69 kHz
124,SBI,018,,,,,9/20/2010,44.10415,-83.36927,,,,,,VR2 W,,,,,,,,,,,,,,,,,,,,,,,ACTUAL,NO,HECWL,69 kHz
125,SBI,019,,,,,9/20/2010,44.09963,-83.35863,,,,,,VR2 W,,,,,,,,,,,,,,,,,,,,,,,ACTUAL,NO,HECWL,69 kHz
126,SBI,020,,,,,9/20/2010,44.0921,-83.35192,,,,,,VR2 W,,,,,,,,,,,,,,,,,,,,,,,ACTUAL,NO,HECWL,69 kHz
127,SBI,021,,,,,9/20/2010,44.08469,-83.34489,,,,,,VR2 W,,,,,,,,,,,,,,,,,,,,,,,ACTUAL,NO,HECWL,69 kHz
128,SBI,022,,,,,9/20/2010,44.07715,-83.33784,,,,,,VR2 W,,,,,,,,,,,,,,,,,,,,,,,ACTUAL,NO,HECWL,69 kHz
129,SBI,023,,,,,9/20/2010,44.06965,-83.33105,,,,,,VR2 W,,,,,,,,,,,,,,,,,,,,,,,ACTUAL,NO,HECWL,69 kHz
130,SBI,024,,,,,9/20/2010,44.06202,-83.32402,,,,,,VR2 W,,,,,,,,,,,,,,,,,,,,,,,ACTUAL,NO,HECWL,69 kHz
131,SBI,025,,,,,9/20/2010,44.05467,-83.31693,,,,,,VR2 W,,,,,,,,,,,,,,,,,,,,,,,ACTUAL,NO,HECWL,69 kHz
132,SBI,026,,,,,9/20/2010,44.0472,-83.31007,,,,,,VR2 W,,,,,,,,,,,,,,,,,,,,,,,ACTUAL,NO,HECWL,69 kHz
133,SBI,027,,,,,9/20/2010,44.03978,-83.30296,,,,,,VR2 W,,,,,,,,,,,,,,,,,,,,,,,ACTUAL,NO,HECWL,69 kHz
134,SBI,028,,,,,9/20/2010,44.03228,-83.29612,,,,,,VR2 W,,,,,,,,,,,,,,,,,,,,,,,ACTUAL,NO,HECWL,69 kHz
135,SBI,029,,,,,9/20/2010,44.02479,-83.28914,,,,,,VR2 W,,,,,,,,,,,,,,,,,,,,,,,ACTUAL,NO,HECWL,69 kHz
136,SBI,030,,,,,9/20/2010,44.01734,-83.28199,,,,,,VR2 W,,,,,,,,,,,,,,,,,,,,,,,ACTUAL,NO,HECWL,69 kHz
137,SBI,031,,,,,9/20/2010,44.00983,-83.27503,,,,,,VR2 W,,,,,,,,,,,,,,,,,,,,,,,ACTUAL,NO,HECWL,69 kHz
138,SBI,032,,,,,9/20/2010,44.00227,-83.26808,,,,,,VR2 W,,,,,,,,,,,,,,,,,,,,,,,ACTUAL,NO,HECWL,69 kHz
139,SBI,033,,,,,9/20/2010,43.9949,-83.26111,,,,,,VR2 W,,,,,,,,,,,,,,,,,,,,,,,ACTUAL,NO,HECWL,69 kHz
140,SBI,034,,,,,9/20/2010,43.98744,-83.25395,,,,,,VR2 W,,,,,,,,,,,,,,,,,,,,,,,ACTUAL,NO,HECWL,69 kHz
141,SBI,035,,,,,5/5/2011,43.97998,-83.24702,,,,,,VR2 W,,,,,,,,,,,,,,,,,,,,,,,ACTUAL,NO,HECWL,69 kHz
142,SBO,001,,,,,9/20/2010,44.24647,-83.44589,,,,,,VR2 W,,,,,,,,,,,,,,,,,,,,,,,ACTUAL,NO,HECWL,69 kHz
143,SBO,002,,,,,9/20/2010,44.24176,-83.43524,,,,,,VR2 W,,,,,,,,,,,,,,,,,,,,,,,ACTUAL,NO,HECWL,69 kHz
144,SBO,003,,,,,9/20/2010,44.2371,-83.42445,,,,,,VR2 W,,,,,,,,,,,,,,,,,,,,,,,ACTUAL,NO,HECWL,69 kHz
145,SBO,004,,,,,9/20/2010,44.23234,-83.41387,,,,,,VR2 W,,,,,,,,,,,,,,,,,,,,,,,ACTUAL,NO,HECWL,69 kHz
146,SBO,005,,,,,9/20/2010,44.22764,-83.40318,,,,,,VR2 W,,,,,,,,,,,,,,,,,,,,,,,ACTUAL,NO,HECWL,69 kHz
147,SBO,005,,,,,11/16/2010,44.22768,-83.4031,,,,,,VR2 W,,,,,,,,,,,,,,,,,,,,,,,ACTUAL,NO,HECWL,69 kHz
148,SBO,006,,,,,9/20/2010,44.22293,-83.39249,,,,,,VR2 W,,,,,,,,,,,,,,,,,,,,,,,ACTUAL,NO,HECWL,69 kHz
149,SBO,007,,,,,9/20/2010,44.21821,-83.38181,,,,,,VR2 W,,,,,,,,,,,,,,,,,,,,,,,ACTUAL,NO,HECWL,69 kHz
150,SBO,008,,,,,9/20/2010,44.2135,-83.37114,,,,,,VR2 W,,,,,,,,,,,,,,,,,,,,,,,ACTUAL,NO,HECWL,69 kHz
151,SBO,009,,,,,9/20/2010,44.20876,-83.36047,,,,,,VR2 W,,,,,,,,,,,,,,,,,,,,,,,ACTUAL,NO,HECWL,69 kHz
152,SBO,010,,,,,9/20/2010,44.20408,-83.34979,,,,,,VR2 W,,,,,,,,,,,,,,,,,,,,,,,ACTUAL,NO,HECWL,69 kHz
153,SBO,011,,,,,9/20/2010,44.1994,-83.33909,,,,,,VR2 W,,,,,,,,,,,,,,,,,,,,,,,ACTUAL,NO,HECWL,69 kHz
154,SBO,012,,,,,9/20/2010,44.19477,-83.32854,,,,,,VR2 W,,,,,,,,,,,,,,,,,,,,,,,ACTUAL,NO,HECWL,69 kHz
155,SBO,013,,,,,9/20/2010,44.18998,-83.31771,,,,,,VR2 W,,,,,,,,,,,,,,,,,,,,,,,ACTUAL,NO,HECWL,69 kHz
156,SBO,014,,,,,9/20/2010,44.18523,-83.30735,,,,,,VR2 W,,,,,,,,,,,,,,,,,,,,,,,ACTUAL,NO,HECWL,69 kHz
157,SBO,015,,,,,9/20/2010,44.18059,-83.29639,,,,,,VR2 W,,,,,,,,,,,,,,,,,,,,,,,ACTUAL,NO,HECWL,69 kHz
158,SBO,016,,,,,9/20/2010,44.17583,-83.28564,,,,,,VR2 W,,,,,,,,,,,,,,,,,,,,,,,ACTUAL,NO,HECWL,69 kHz
159,SBO,017,,,,,9/20/2010,44.17114,-83.27499,,,,,,VR2 W,,,,,,,,,,,,,,,,,,,,,,,ACTUAL,NO,HECWL,69 kHz
160,SBO,018,,,,,9/20/2010,44.16636,-83.26433,,,,,,VR2 W,,,,,,,,,,,,,,,,,,,,,,,ACTUAL,NO,HECWL,69 kHz
161,SBO,019,,,,,9/20/2010,44.16171,-83.25365,,,,,,VR2 W,,,,,,,,,,,,,,,,,,,,,,,ACTUAL,NO,HECWL,69 kHz
162,SBO,020,,,,,9/20/2010,44.15374,-83.24733,,,,,,VR2 W,,,,,,,,,,,,,,,,,,,,,,,ACTUAL,NO,HECWL,69 kHz
163,SBO,021,,,,,9/20/2010,44.14623,-83.24054,,,,,,VR2 W,,,,,,,,,,,,,,,,,,,,,,,ACTUAL,NO,HECWL,69 kHz
164,SBO,022,,,,,9/20/2010,44.13867,-83.23383,,,,,,VR2 W,,,,,,,,,,,,,,,,,,,,,,,ACTUAL,NO,HECWL,69 kHz
165,SBO,023,,,,,9/20/2010,44.13106,-83.22704,,,,,,VR2 W,,,,,,,,,,,,,,,,,,,,,,,ACTUAL,NO,HECWL,69 kHz
166,SBO,024,,,,,9/20/2010,44.1235,-83.22039,,,,,,VR2 W,,,,,,,,,,,,,,,,,,,,,,,ACTUAL,NO,HECWL,69 kHz
167,SBO,025,,,,,9/20/2010,44.11592,-83.21357,,,,,,VR2 W,,,,,,,,,,,,,,,,,,,,,,,ACTUAL,NO,HECWL,69 kHz
168,SBO,026,,,,,9/20/2010,44.10836,-83.20684,,,,,,VR2 W,,,,,,,,,,,,,,,,,,,,,,,ACTUAL,NO,HECWL,69 kHz
169,SBO,027,,,,,9/20/2010,44.10088,-83.20018,,,,,,VR2 W,,,,,,,,,,,,,,,,,,,,,,,ACTUAL,NO,HECWL,69 kHz
170,SBO,028,,,,,9/20/2010,44.09323,-83.1934,,,,,,VR2 W,,,,,,,,,,,,,,,,,,,,,,,ACTUAL,NO,HECWL,69 kHz
171,SBO,029,,,,,9/20/2010,44.08565,-83.18666,,,,,,VR2 W,,,,,,,,,,,,,,,,,,,,,,,ACTUAL,NO,HECWL,69 kHz
172,SBO,030,,,,,9/20/2010,44.07811,-83.17998,,,,,,VR2 W,,,,,,,,,,,,,,,,,,,,,,,ACTUAL,NO,HECWL,69 kHz
173,SBO,031,,,,,9/20/2010,44.07052,-83.17311,,,,,,VR2 W,,,,,,,,,,,,,,,,,,,,,,,ACTUAL,NO,HECWL,69 kHz
174,SBO,032,,,,,9/20/2010,44.06288,-83.16625,,,,,,VR2 W,,,,,,,,,,,,,,,,,,,,,,,ACTUAL,NO,HECWL,69 kHz
175,SBO,033,,,,,9/20/2010,44.05533,-83.15958,,,,,,VR2 W,,,,,,,,,,,,,,,,,,,,,,,ACTUAL,NO,HECWL,69 kHz
176,SBO,034,,,,,9/20/2010,44.0477,-83.15303,,,,,,VR2 W,,,,,,,,,,,,,,,,,,,,,,,ACTUAL,NO,HECWL,69 kHz
177,SBO,035,,,,,9/20/2010,44.04006,-83.14605,,,,,,VR2 W,,,,,,,,,,,,,,,,,,,,,,,ACTUAL,NO,HECWL,69 kHz
178,SBO,036,,,,,9/20/2010,44.03257,-83.13947,,,,,,VR2 W,,,,,,,,,,,,,,,,,,,,,,,ACTUAL,NO,HECWL,69 kHz
179,SBO,037,,,,,9/20/2010,44.02507,-83.13258,,,,,,VR2 W,,,,,,,,,,,,,,,,,,,,,,,ACTUAL,NO,HECWL,69 kHz
180,SBO,038,,,,,9/20/2010,44.01747,-83.12594,,,,,,VR2 W,,,,,,,,,,,,,,,,,,,,,,,ACTUAL,NO,HECWL,69 kHz
181,SBO,039,,,,,5/5/2011,44.0141,-83.12451,,,,,,VR2 W,,,,,,,,,,,,,,,,,,,,,,,ACTUAL,NO,HECWL,69 kHz
182,SGR,001,,,,,3/28/2011,43.61235,-83.86106,,,,,,VR2 W,,,,,,,,,,,,,,,,,,,,,,,ACTUAL,NO,HECWL,69 kHz
183,SGR,002,,,,,3/28/2011,43.60961,-83.88665,,,,,,VR2 W,,,,,,,,,,,,,,,,,,,,,,,ACTUAL,NO,HECWL,69 kHz
184,SIC,001,,,,,4/21/2011,42.09063,-83.14055,,,,,,VR2 W,,,,,,,,,,,,,,,,,,,,,,,ACTUAL,NO,HECWL,69 kHz
185,STG,001,,,,,5/13/2011,44.71328,-83.26346,,,,,,VR2 W,,,,,,,,,,,,,,,,,,,,,,,ACTUAL,NO,HECWL,69 kHz
186,STG,002,,,,,9/22/2010,44.7132,-83.25136,,,,,,VR2 W,,,,,,,,,,,,,,,,,,,,,,,ACTUAL,NO,HECWL,69 kHz
187,STG,003,,,,,9/22/2010,44.71315,-83.23911,,,,,,VR2 W,,,,,,,,,,,,,,,,,,,,,,,ACTUAL,NO,HECWL,69 kHz
188,STG,004,,,,,9/22/2010,44.71335,-83.22667,,,,,,VR2 W,,,,,,,,,,,,,,,,,,,,,,,ACTUAL,NO,HECWL,69 kHz
189,STG,005,,,,,9/22/2010,44.71324,-83.21374,,,,,,VR2 W,,,,,,,,,,,,,,,,,,,,,,,ACTUAL,NO,HECWL,69 kHz
190,STG,006,,,,,9/22/2010,44.71321,-83.20109,,,,,,VR2 W,,,,,,,,,,,,,,,,,,,,,,,ACTUAL,NO,HECWL,69 kHz
191,STG,007,,,,,9/22/2010,44.7133,-83.18826,,,,,,VR2 W,,,,,,,,,,,,,,,,,,,,,,,ACTUAL,NO,HECWL,69 kHz
192,STG,008,,,,,9/22/2010,44.71335,-83.17568,,,,,,VR2 W,,,,,,,,,,,,,,,,,,,,,,,ACTUAL,NO,HECWL,69 kHz
193,STG,009,,,,,9/22/2010,44.71332,-83.16315,,,,,,VR2 W,,,,,,,,,,,,,,,,,,,,,,,ACTUAL,NO,HECWL,69 kHz
194,STG,010,,,,,9/22/2010,44.71326,-83.15053,,,,,,VR2 W,,,,,,,,,,,,,,,,,,,,,,,ACTUAL,NO,HECWL,69 kHz
195,THB,001,,,,,5/5/2011,44.88711,-83.32052,,,,,,VR2 W,,,,,,,,,,,,,,,,,,,,,,,ACTUAL,NO,HECWL,69 kHz
196,THB,002,,,,,5/5/2011,44.89483,-83.31738,,,,,,VR2 W,,,,,,,,,,,,,,,,,,,,,,,ACTUAL,NO,HECWL,69 kHz
197,THB,003,,,,,9/22/2010,44.90459,-83.31389,,,,,,VR2 W,,,,,,,,,,,,,,,,,,,,,,,ACTUAL,NO,HECWL,69 kHz
198,THB,004,,,,,9/22/2010,44.91334,-83.31073,,,,,,VR2 W,,,,,,,,,,,,,,,,,,,,,,,ACTUAL,NO,HECWL,69 kHz
199,THB,005,,,,,9/22/2010,44.92204,-83.30767,,,,,,VR2 W,,,,,,,,,,,,,,,,,,,,,,,ACTUAL,NO,HECWL,69 kHz
200,THB,006,,,,,9/22/2010,44.9308,-83.3046,,,,,,VR2 W,,,,,,,,,,,,,,,,,,,,,,,ACTUAL,NO,HECWL,69 kHz
201,THB,007,,,,,9/22/2010,44.93958,-83.30164,,,,,,VR2 W,,,,,,,,,,,,,,,,,,,,,,,ACTUAL,NO,HECWL,69 kHz
202,THB,008,,,,,9/22/2010,44.94828,-83.29829,,,,,,VR2 W,,,,,,,,,,,,,,,,,,,,,,,ACTUAL,NO,HECWL,69 kHz
203,THB,009,,,,,9/22/2010,44.95706,-83.29517,,,,,,VR2 W,,,,,,,,,,,,,,,,,,,,,,,ACTUAL,NO,HECWL,69 kHz
204,THB,010,,,,,9/22/2010,44.96583,-83.29216,,,,,,VR2 W,,,,,,,,,,,,,,,,,,,,,,,ACTUAL,NO,HECWL,69 kHz
205,THB,011,,,,,9/22/2010,44.97453,-83.28923,,,,,,VR2 W,,,,,,,,,,,,,,,,,,,,,,,ACTUAL,NO,HECWL,69 kHz
206,THB,012,,,,,9/22/2010,44.98333,-83.28593,,,,,,VR2 W,,,,,,,,,,,,,,,,,,,,,,,ACTUAL,NO,HECWL,69 kHz
207,THB,013,,,,,9/22/2010,44.99206,-83.28281,,,,,,VR2 W,,,,,,,,,,,,,,,,,,,,,,,ACTUAL,NO,HECWL,69 kHz
208,THB,014,,,,,9/22/2010,45.00084,-83.2797,,,,,,VR2 W,,,,,,,,,,,,,,,,,,,,,,,ACTUAL,NO,HECWL,69 kHz
209,THB,015,,,,,9/22/2010,45.00953,-83.27658,,,,,,VR2 W,,,,,,,,,,,,,,,,,,,,,,,ACTUAL,NO,HECWL,69 kHz
210,THB,016,,,,,9/22/2010,45.01826,-83.27342,,,,,,VR2 W,,,,,,,,,,,,,,,,,,,,,,,ACTUAL,NO,HECWL,69 kHz
211,TRN,001,,,,,4/21/2011,42.1875,-83.15294,,,,,,VR2 W,,,,,,,,,,,,,,,,,,,,,,,ACTUAL,NO,HECWL,69 kHz
212,TRN,002,,,,,4/21/2011,42.16149,-83.16592,,,,,,VR2 W,,,,,,,,,,,,,,,,,,,,,,,ACTUAL,NO,HECWL,69 kHz
213,TTB,001,,,,,3/29/2011,43.38709,-83.98743,,,,,,VR2 W,,,,,,,,,,,,,,,,,,,,,,,ACTUAL,NO,HECWL,69 kHz
214,TTB,002,,,,,3/29/2011,43.39165,-83.99259,,,,,,VR2 W,,,,,,,,,,,,,,,,,,,,,,,ACTUAL,NO,HECWL,69 kHz
215,WHT,001,,,,,4/18/2011,43.72957,-82.59796,,,,,,VR2 W,,,,,,,,,,,,,,,,,,,,,,,ACTUAL,NO,HECWL,69 kHz
216,WHT,002,,,,,9/22/2010,43.73172,-82.5905,,,,,,VR2 W,,,,,,,,,,,,,,,,,,,,,,,ACTUAL,NO,HECWL,69 kHz
217,WHT,003,,,,,9/22/2010,43.73314,-82.57883,,,,,,VR2 W,,,,,,,,,,,,,,,,,,,,,,,ACTUAL,NO,HECWL,69 kHz
218,WHT,003,,,,,4/18/2011,43.73326,-82.57904,,,,,,VR2 W,,,,,,,,,,,,,,,,,,,,,,,ACTUAL,NO,HECWL,69 kHz
219,WHT,004,,,,,9/22/2010,43.73468,-82.56692,,,,,,VR2 W,,,,,,,,,,,,,,,,,,,,,,,ACTUAL,NO,HECWL,69 kHz
220,WHT,005,,,,,9/22/2010,43.73628,-82.55533,,,,,,VR2 W,,,,,,,,,,,,,,,,,,,,,,,ACTUAL,NO,HECWL,69 kHz
221,WHT,006,,,,,9/22/2010,43.73772,-82.54323,,,,,,VR2 W,,,,,,,,,,,,,,,,,,,,,,,ACTUAL,NO,HECWL,69 kHz
222,WHT,007,,,,,9/22/2010,43.73947,-82.53177,,,,,,VR2 W,,,,,,,,,,,,,,,,,,,,,,,ACTUAL,NO,HECWL,69 kHz
223,WHT,008,,,,,9/22/2010,43.74081,-82.51976,,,,,,VR2 W,,,,,,,,,,,,,,,,,,,,,,,ACTUAL,NO,HECWL,69 kHz
224,WHT,009,,,,,9/22/2010,43.74216,-82.50791,,,,,,VR2 W,,,,,,,,,,,,,,,,,,,,,,,ACTUAL,NO,HECWL,69 kHz
225,WHT,010,,,,,9/22/2010,43.74395,-82.49609,,,,,,VR2 W,,,,,,,,,,,,,,,,,,,,,,,ACTUAL,NO,HECWL,69 kHz
226,DRM,001,,,,,8/17/2010,45.94178,-83.63134,,,,,,VR2 W,,,,,,,,,,,,,,,,,,,,,,,ACTUAL,YES,DRMLT,69 kHz
227,DRM,002,,,,,8/17/2010,45.94088,-83.63552,,,,,,VR2 W,,,,,,,,,,,,,,,,,,,,,,,ACTUAL,YES,DRMLT,69 kHz
228,DRM,003,,,,,8/17/2010,45.93816,-83.63835,,,,,,VR2 W,,,,,,,,,,,,,,,,,,,,,,,ACTUAL,YES,DRMLT,69 kHz
229,DRM,004,,,,,8/17/2010,45.9406,-83.62964,,,,,,VR2 W,,,,,,,,,,,,,,,,,,,,,,,ACTUAL,YES,DRMLT,69 kHz
230,DRM,005,,,,,8/17/2010,45.93938,-83.63202,,,,,,VR2 W,,,,,,,,,,,,,,,,,,,,,,,ACTUAL,YES,DRMLT,69 kHz
231,DRM,006,,,,,8/17/2010,45.93615,-83.63294,,,,,,VR2 W,,,,,,,,,,,,,,,,,,,,,,,ACTUAL,YES,DRMLT,69 kHz
232,DRM,007,,,,,8/17/2010,45.93781,-83.63483,,,,,,VR2 W,,,,,,,,,,,,,,,,,,,,,,,ACTUAL,YES,DRMLT,69 kHz
233,DRM,008,,,,,8/17/2010,45.93891,-83.64212,,,,,,VR2 W,,,,,,,,,,,,,,,,,,,,,,,ACTUAL,YES,DRMLT,69 kHz
234,DRM,009,,,,,8/17/2010,45.9391,-83.64816,,,,,,VR2 W,,,,,,,,,,,,,,,,,,,,,,,ACTUAL,YES,DRMLT,69 kHz
235,DRM,010,,,,,8/17/2010,45.93698,-83.64514,,,,,,VR2 W,,,,,,,,,,,,,,,,,,,,,,,ACTUAL,YES,DRMLT,69 kHz
236,DRM,011,,,,,8/17/2010,45.93589,-83.64078,,,,,,VR2 W,,,,,,,,,,,,,,,,,,,,,,,ACTUAL,YES,DRMLT,69 kHz
237,DRM,012,,,,,8/17/2010,45.93507,-83.63651,,,,,,VR2 W,,,,,,,,,,,,,,,,,,,,,,,ACTUAL,YES,DRMLT,69 kHz
238,DRM,013,,,,,8/17/2010,45.9386,-83.65316,,,,,,VR2 W,,,,,,,,,,,,,,,,,,,,,,,ACTUAL,YES,DRMLT,69 kHz
239,DRM,014,,,,,8/17/2010,45.93607,-83.64985,,,,,,VR2 W,,,,,,,,,,,,,,,,,,,,,,,ACTUAL,YES,DRMLT,69 kHz
240,DRM,015,,,,,8/17/2010,45.93441,-83.64559,,,,,,VR2 W,,,,,,,,,,,,,,,,,,,,,,,ACTUAL,YES,DRMLT,69 kHz
241,DRM,016,,,,,8/17/2010,45.93234,-83.6419,,,,,,VR2 W,,,,,,,,,,,,,,,,,,,,,,,ACTUAL,YES,DRMLT,69 kHz
242,DRM,017,,,,,8/17/2010,45.93221,-83.6375,,,,,,VR2 W,,,,,,,,,,,,,,,,,,,,,,,ACTUAL,YES,DRMLT,69 kHz
243,DRM,018,,,,,8/17/2010,45.93284,-83.6334,,,,,,VR2 W,,,,,,,,,,,,,,,,,,,,,,,ACTUAL,YES,DRMLT,69 kHz
244,DRM,019,,,,,8/17/2010,45.93604,-83.65455,,,,,,VR2 W,,,,,,,,,,,,,,,,,,,,,,,ACTUAL,YES,DRMLT,69 kHz
245,DRM,020,,,,,8/17/2010,45.93311,-83.65005,,,,,,VR2 W,,,,,,,,,,,,,,,,,,,,,,,ACTUAL,YES,DRMLT,69 kHz
246,DRM,021,,,,,8/17/2010,45.93376,-83.65683,,,,,,VR2 W,,,,,,,,,,,,,,,,,,,,,,,ACTUAL,YES,DRMLT,69 kHz
247,DRM,022,,,,,8/17/2010,45.9313,-83.65454,,,,,,VR2 W,,,,,,,,,,,,,,,,,,,,,,,ACTUAL,YES,DRMLT,69 kHz
248,DRM,023,,,,,8/17/2010,45.92976,-83.64763,,,,,,VR2 W,,,,,,,,,,,,,,,,,,,,,,,ACTUAL,YES,DRMLT,69 kHz
249,DRM,024,,,,,8/17/2010,45.92882,-83.64224,,,,,,VR2 W,,,,,,,,,,,,,,,,,,,,,,,ACTUAL,YES,DRMLT,69 kHz
250,DRM,025,,,,,8/17/2010,45.92884,-83.63797,,,,,,VR2 W,,,,,,,,,,,,,,,,,,,,,,,ACTUAL,YES,DRMLT,69 kHz
251,DRM,026,,,,,8/17/2010,45.92899,-83.63328,,,,,,VR2 W,,,,,,,,,,,,,,,,,,,,,,,ACTUAL,YES,DRMLT,69 kHz
252,DRM,027,,,,,8/17/2010,45.92874,-83.62829,,,,,,VR2 W,,,,,,,,,,,,,,,,,,,,,,,ACTUAL,YES,DRMLT,69 kHz
253,DRM,028,,,,,8/18/2010,45.93335,-83.66393,,,,,,VR2 W,,,,,,,,,,,,,,,,,,,,,,,ACTUAL,YES,DRMLT,69 kHz
254,DRM,029,,,,,8/18/2010,45.93129,-83.65955,,,,,,VR2 W,,,,,,,,,,,,,,,,,,,,,,,ACTUAL,YES,DRMLT,69 kHz
255,DRM,030,,,,,8/18/2010,45.92783,-83.65276,,,,,,VR2 W,,,,,,,,,,,,,,,,,,,,,,,ACTUAL,YES,DRMLT,69 kHz
256,DRM,031,,,,,8/18/2010,45.93028,-83.66578,,,,,,VR2 W,,,,,,,,,,,,,,,,,,,,,,,ACTUAL,YES,DRMLT,69 kHz
257,DRM,032,,,,,8/18/2010,45.92874,-83.66133,,,,,,VR2 W,,,,,,,,,,,,,,,,,,,,,,,ACTUAL,YES,DRMLT,69 kHz
258,DRM,033,,,,,8/18/2010,45.92809,-83.65795,,,,,,VR2 W,,,,,,,,,,,,,,,,,,,,,,,ACTUAL,YES,DRMLT,69 kHz
259,DRM,034,,,,,8/18/2010,45.92489,-83.65567,,,,,,VR2 W,,,,,,,,,,,,,,,,,,,,,,,ACTUAL,YES,DRMLT,69 kHz
260,DRM,035,,,,,8/18/2010,45.92622,-83.66004,,,,,,VR2 W,,,,,,,,,,,,,,,,,,,,,,,ACTUAL,YES,DRMLT,69 kHz
261,DRM,036,,,,,8/18/2010,45.92792,-83.66444,,,,,,VR2 W,,,,,,,,,,,,,,,,,,,,,,,ACTUAL,YES,DRMLT,69 kHz
262,DRM,037,,,,,8/18/2010,45.93236,-83.67062,,,,,,VR2 W,,,,,,,,,,,,,,,,,,,,,,,ACTUAL,YES,DRMLT,69 kHz
263,DRM,038,,,,,8/18/2010,45.92814,-83.66845,,,,,,VR2 W,,,,,,,,,,,,,,,,,,,,,,,ACTUAL,YES,DRMLT,69 kHz
264,DRM,039,,,,,8/18/2010,45.92564,-83.66698,,,,,,VR2 W,,,,,,,,,,,,,,,,,,,,,,,ACTUAL,YES,DRMLT,69 kHz
265,DRM,040,,,,,8/18/2010,45.92526,-83.66324,,,,,,VR2 W,,,,,,,,,,,,,,,,,,,,,,,ACTUAL,YES,DRMLT,69 kHz
266,DRM,041,,,,,8/18/2010,45.92329,-83.65959,,,,,,VR2 W,,,,,,,,,,,,,,,,,,,,,,,ACTUAL,YES,DRMLT,69 kHz
267,DRM,042,,,,,8/18/2010,45.92288,-83.66264,,,,,,VR2 W,,,,,,,,,,,,,,,,,,,,,,,ACTUAL,YES,DRMLT,69 kHz
268,DRM,043,,,,,8/18/2010,45.92322,-83.66605,,,,,,VR2 W,,,,,,,,,,,,,,,,,,,,,,,ACTUAL,YES,DRMLT,69 kHz
269,DRM,044,,,,,8/18/2010,45.92569,-83.67124,,,,,,VR2 W,,,,,,,,,,,,,,,,,,,,,,,ACTUAL,YES,DRMLT,69 kHz
270,DRM,045,,,,,8/18/2010,45.92392,-83.67507,,,,,,VR2 W,,,,,,,,,,,,,,,,,,,,,,,ACTUAL,YES,DRMLT,69 kHz
271,DRM,046,,,,,8/18/2010,45.92138,-83.67357,,,,,,VR2 W,,,,,,,,,,,,,,,,,,,,,,,ACTUAL,YES,DRMLT,69 kHz
272,DRM,047,,,,,8/18/2010,45.92172,-83.66977,,,,,,VR2 W,,,,,,,,,,,,,,,,,,,,,,,ACTUAL,YES,DRMLT,69 kHz
273,DRM,048,,,,,8/18/2010,45.91954,-83.66675,,,,,,VR2 W,,,,,,,,,,,,,,,,,,,,,,,ACTUAL,YES,DRMLT,69 kHz
274,DRM,049,,,,,8/18/2010,45.91615,-83.66677,,,,,,VR2 W,,,,,,,,,,,,,,,,,,,,,,,ACTUAL,YES,DRMLT,69 kHz
275,DRM,050,,,,,8/18/2010,45.91769,-83.67379,,,,,,VR2 W,,,,,,,,,,,,,,,,,,,,,,,ACTUAL,YES,DRMLT,69 kHz
276,DRM,051,,,,,8/18/2010,45.91388,-83.68297,,,,,,VR2 W,,,,,,,,,,,,,,,,,,,,,,,ACTUAL,YES,DRMLT,69 kHz
277,DRM,052,,,,,8/18/2010,45.91599,-83.68016,,,,,,VR2 W,,,,,,,,,,,,,,,,,,,,,,,ACTUAL,YES,DRMLT,69 kHz
278,DRM,053,,,,,8/18/2010,45.91754,-83.68451,,,,,,VR2 W,,,,,,,,,,,,,,,,,,,,,,,ACTUAL,YES,DRMLT,69 kHz
279,DRM,054,,,,,8/18/2010,45.92058,-83.68143,,,,,,VR2 W,,,,,,,,,,,,,,,,,,,,,,,ACTUAL,YES,DRMLT,69 kHz
280,DRM,055,,,,,8/18/2010,45.92385,-83.6808,,,,,,VR2 W,,,,,,,,,,,,,,,,,,,,,,,ACTUAL,YES,DRMLT,69 kHz
281,DRM,056,,,,,8/18/2010,45.9274,-83.67949,,,,,,VR2 W,,,,,,,,,,,,,,,,,,,,,,,ACTUAL,YES,DRMLT,69 kHz
282,DRM,057,,,,,8/18/2010,45.92644,-83.68491,,,,,,VR2 W,,,,,,,,,,,,,,,,,,,,,,,ACTUAL,YES,DRMLT,69 kHz
283,DRM,058,,,,,8/19/2010,45.92267,-83.68734,,,,,,VR2 W,,,,,,,,,,,,,,,,,,,,,,,ACTUAL,YES,DRMLT,69 kHz
284,DRM,059,,,,,8/19/2010,45.92107,-83.66048,,,,,,VR2 W,,,,,,,,,,,,,,,,,,,,,,,ACTUAL,YES,DRMLT,69 kHz
285,DRM,060,,,,,8/19/2010,45.91849,-83.6603,,,,,,VR2 W,,,,,,,,,,,,,,,,,,,,,,,ACTUAL,YES,DRMLT,69 kHz
286,DRM,061,,,,,8/19/2010,45.92071,-83.65556,,,,,,VR2 W,,,,,,,,,,,,,,,,,,,,,,,ACTUAL,YES,DRMLT,69 kHz
287,DRM,062,,,,,8/19/2010,45.91771,-83.65581,,,,,,VR2 W,,,,,,,,,,,,,,,,,,,,,,,ACTUAL,YES,DRMLT,69 kHz
288,DRM,063,,,,,8/19/2010,45.91922,-83.65126,,,,,,VR2 W,,,,,,,,,,,,,,,,,,,,,,,ACTUAL,YES,DRMLT,69 kHz
289,DRM,064,,,,,8/19/2010,45.9225,-83.6501,,,,,,VR2 W,,,,,,,,,,,,,,,,,,,,,,,ACTUAL,YES,DRMLT,69 kHz
290,DRM,065,,,,,8/19/2010,45.92578,-83.64845,,,,,,VR2 W,,,,,,,,,,,,,,,,,,,,,,,ACTUAL,YES,DRMLT,69 kHz
291,DRM,066,,,,,8/19/2010,45.9267,-83.64476,,,,,,VR2 W,,,,,,,,,,,,,,,,,,,,,,,ACTUAL,YES,DRMLT,69 kHz
292,DRM,067,,,,,8/19/2010,45.9233,-83.64526,,,,,,VR2 W,,,,,,,,,,,,,,,,,,,,,,,ACTUAL,YES,DRMLT,69 kHz
293,DRM,068,,,,,8/19/2010,45.9206,-83.64355,,,,,,VR2 W,,,,,,,,,,,,,,,,,,,,,,,ACTUAL,YES,DRMLT,69 kHz
294,DRM,069,,,,,8/19/2010,45.92569,-83.64045,,,,,,VR2 W,,,,,,,,,,,,,,,,,,,,,,,ACTUAL,YES,DRMLT,69 kHz
295,DRM,070,,,,,8/19/2010,45.92242,-83.64027,,,,,,VR2 W,,,,,,,,,,,,,,,,,,,,,,,ACTUAL,YES,DRMLT,69 kHz
296,DRM,071,,,,,8/19/2010,45.9189,-83.63814,,,,,,VR2 W,,,,,,,,,,,,,,,,,,,,,,,ACTUAL,YES,DRMLT,69 kHz
297,DRM,072,,,,,8/19/2010,45.92139,-83.63501,,,,,,VR2 W,,,,,,,,,,,,,,,,,,,,,,,ACTUAL,YES,DRMLT,69 kHz
298,DRM,073,,,,,8/19/2010,45.92398,-83.63582,,,,,,VR2 W,,,,,,,,,,,,,,,,,,,,,,,ACTUAL,YES,DRMLT,69 kHz
299,DRM,074,,,,,8/19/2010,45.92642,-83.63629,,,,,,VR2 W,,,,,,,,,,,,,,,,,,,,,,,ACTUAL,YES,DRMLT,69 kHz
300,DRM,075,,,,,8/19/2010,45.92656,-83.6322,,,,,,VR2 W,,,,,,,,,,,,,,,,,,,,,,,ACTUAL,YES,DRMLT,69 kHz
301,DRM,076,,,,,8/19/2010,45.92438,-83.63004,,,,,,VR2 W,,,,,,,,,,,,,,,,,,,,,,,ACTUAL,YES,DRMLT,69 kHz
302,DRM,077,,,,,8/19/2010,45.9221,-83.63001,,,,,,VR2 W,,,,,,,,,,,,,,,,,,,,,,,ACTUAL,YES,DRMLT,69 kHz
303,DRM,078,,,,,8/19/2010,45.924,-83.62537,,,,,,VR2 W,,,,,,,,,,,,,,,,,,,,,,,ACTUAL,YES,DRMLT,69 kHz
304,DRM,079,,,,,8/19/2010,45.92701,-83.62577,,,,,,VR2 W,,,,,,,,,,,,,,,,,,,,,,,ACTUAL,YES,DRMLT,69 kHz
305,DRM,080,,,,,8/19/2010,45.92972,-83.6213,,,,,,VR2 W,,,,,,,,,,,,,,,,,,,,,,,ACTUAL,YES,DRMLT,69 kHz
306,DRM,081,,,,,8/19/2010,45.92868,-83.61619,,,,,,VR2 W,,,,,,,,,,,,,,,,,,,,,,,ACTUAL,YES,DRMLT,69 kHz
307,DRM,082,,,,,8/19/2010,45.92595,-83.61989,,,,,,VR2 W,,,,,,,,,,,,,,,,,,,,,,,ACTUAL,YES,DRMLT,69 kHz
308,DRM,083,,,,,8/19/2010,45.92538,-83.61511,,,,,,VR2 W,,,,,,,,,,,,,,,,,,,,,,,ACTUAL,YES,DRMLT,69 kHz
309,DRM,084,,,,,8/19/2010,45.92109,-83.6141,,,,,,VR2 W,,,,,,,,,,,,,,,,,,,,,,,ACTUAL,YES,DRMLT,69 kHz
310,DRM,085,,,,,8/19/2010,45.92215,-83.61868,,,,,,VR2 W,,,,,,,,,,,,,,,,,,,,,,,ACTUAL,YES,DRMLT,69 kHz
311,DRM,086,,,,,8/19/2010,45.92099,-83.6235,,,,,,VR2 W,,,,,,,,,,,,,,,,,,,,,,,ACTUAL,YES,DRMLT,69 kHz
312,DRM,087,,,,,8/19/2010,45.9184,-83.62673,,,,,,VR2 W,,,,,,,,,,,,,,,,,,,,,,,ACTUAL,YES,DRMLT,69 kHz
313,DRM,088,,,,,8/19/2010,45.91844,-83.62169,,,,,,VR2 W,,,,,,,,,,,,,,,,,,,,,,,ACTUAL,YES,DRMLT,69 kHz
314,DRM,089,,,,,8/19/2010,45.91908,-83.61773,,,,,,VR2 W,,,,,,,,,,,,,,,,,,,,,,,ACTUAL,YES,DRMLT,69 kHz
315,DRM,090,,,,,8/19/2010,45.9164,-83.61549,,,,,,VR2 W,,,,,,,,,,,,,,,,,,,,,,,ACTUAL,YES,DRMLT,69 kHz
316,DRM,091,,,,,8/19/2010,45.91309,-83.61714,,,,,,VR2 W,,,,,,,,,,,,,,,,,,,,,,,ACTUAL,YES,DRMLT,69 kHz
317,DRM,092,,,,,8/19/2010,45.91507,-83.62198,,,,,,VR2 W,,,,,,,,,,,,,,,,,,,,,,,ACTUAL,YES,DRMLT,69 kHz
318,DRM,093,,,,,8/19/2010,45.91075,-83.62148,,,,,,VR2 W,,,,,,,,,,,,,,,,,,,,,,,ACTUAL,YES,DRMLT,69 kHz
319,DRM,094,,,,,8/19/2010,45.90829,-83.62065,,,,,,VR2 W,,,,,,,,,,,,,,,,,,,,,,,ACTUAL,YES,DRMLT,69 kHz
320,DRM,095,,,,,8/19/2010,45.90826,-83.62438,,,,,,VR2 W,,,,,,,,,,,,,,,,,,,,,,,ACTUAL,YES,DRMLT,69 kHz
321,DRM,096,,,,,8/19/2010,45.9129,-83.62566,,,,,,VR2 W,,,,,,,,,,,,,,,,,,,,,,,ACTUAL,YES,DRMLT,69 kHz
322,DRM,097,,,,,8/19/2010,45.91033,-83.62859,,,,,,VR2 W,,,,,,,,,,,,,,,,,,,,,,,ACTUAL,YES,DRMLT,69 kHz
323,DRM,098,,,,,8/19/2010,45.90525,-83.66994,,,,,,VR2 W,,,,,,,,,,,,,,,,,,,,,,,ACTUAL,YES,DRMLT,69 kHz
324,DRM,099,,,,,8/20/2010,45.94151,-83.65105,,,,,,VR2 W,,,,,,,,,,,,,,,,,,,,,,,ACTUAL,YES,DRMLT,69 kHz
325,DRM,100,,,,,8/20/2010,45.93623,-83.65905,,,,,,VR2 W,,,,,,,,,,,,,,,,,,,,,,,ACTUAL,YES,DRMLT,69 kHz
326,DRM,101,,,,,8/20/2010,45.93812,-83.6622,,,,,,VR2 W,,,,,,,,,,,,,,,,,,,,,,,ACTUAL,YES,DRMLT,69 kHz
327,DRM,102,,,,,8/20/2010,45.93651,-83.66704,,,,,,VR2 W,,,,,,,,,,,,,,,,,,,,,,,ACTUAL,YES,DRMLT,69 kHz
328,DRM,103,,,,,10/4/2010,45.92679,-83.66614,,,,,,VR2 W,,,,,,,,,,,,,,,,,,,,,,,ACTUAL,YES,DRMLT,69 kHz
329,DRM,104,,,,,10/4/2010,45.92426,-83.66465,,,,,,VR2 W,,,,,,,,,,,,,,,,,,,,,,,ACTUAL,YES,DRMLT,69 kHz
330,DRM,105,,,,,10/4/2010,45.92457,-83.66119,,,,,,VR2 W,,,,,,,,,,,,,,,,,,,,,,,ACTUAL,YES,DRMLT,69 kHz
331,DRM,106,,,,,10/4/2010,45.92568,-83.65815,,,,,,VR2 W,,,,,,,,,,,,,,,,,,,,,,,ACTUAL,YES,DRMLT,69 kHz
332,DRM,108,,,,,10/4/2010,45.93075,-83.65112,,,,,,VR2 W,,,,,,,,,,,,,,,,,,,,,,,ACTUAL,YES,DRMLT,69 kHz
333,DRM,109,,,,,8/25/2010,45.92651,-83.71804,,,,,,VR2 W,,,,,,,,,,,,,,,,,,,,,,,ACTUAL,YES,DRMLT,69 kHz
334,DRM,110,,,,,8/25/2010,45.91921,-83.71837,,,,,,VR2 W,,,,,,,,,,,,,,,,,,,,,,,ACTUAL,YES,DRMLT,69 kHz
335,DRM,111,,,,,8/25/2010,45.9123,-83.7175,,,,,,VR2 W,,,,,,,,,,,,,,,,,,,,,,,ACTUAL,YES,DRMLT,69 kHz
336,DRM,112,,,,,8/25/2010,45.90395,-83.71304,,,,,,VR2 W,,,,,,,,,,,,,,,,,,,,,,,ACTUAL,YES,DRMLT,69 kHz
337,DRM,113,,,,,8/25/2010,45.89453,-83.70346,,,,,,VR2 W,,,,,,,,,,,,,,,,,,,,,,,ACTUAL,YES,DRMLT,69 kHz
338,DRM,114,,,,,8/25/2010,45.88814,-83.69154,,,,,,VR2 W,,,,,,,,,,,,,,,,,,,,,,,ACTUAL,YES,DRMLT,69 kHz
339,DRM,115,,,,,8/25/2010,45.88594,-83.6755,,,,,,VR2 W,,,,,,,,,,,,,,,,,,,,,,,ACTUAL,YES,DRMLT,69 kHz
340,DRM,116,,,,,8/25/2010,45.88512,-83.66078,,,,,,VR2 W,,,,,,,,,,,,,,,,,,,,,,,ACTUAL,YES,DRMLT,69 kHz
341,DRM,117,,,,,8/25/2010,45.885,-83.64557,,,,,,VR2 W,,,,,,,,,,,,,,,,,,,,,,,ACTUAL,YES,DRMLT,69 kHz
342,DRM,118,,,,,8/25/2010,45.88592,-83.62921,,,,,,VR2 W,,,,,,,,,,,,,,,,,,,,,,,ACTUAL,YES,DRMLT,69 kHz
343,DRM,119,,,,,8/25/2010,45.88837,-83.61417,,,,,,VR2 W,,,,,,,,,,,,,,,,,,,,,,,ACTUAL,YES,DRMLT,69 kHz
344,DRM,120,,,,,8/25/2010,45.89313,-83.60153,,,,,,VR2 W,,,,,,,,,,,,,,,,,,,,,,,ACTUAL,YES,DRMLT,69 kHz
345,DRM,121,,,,,8/25/2010,45.89962,-83.5924,,,,,,VR2 W,,,,,,,,,,,,,,,,,,,,,,,ACTUAL,YES,DRMLT,69 kHz
346,DRM,122,,,,,8/25/2010,45.90652,-83.58799,,,,,,VR2 W,,,,,,,,,,,,,,,,,,,,,,,ACTUAL,YES,DRMLT,69 kHz
347,DRM,123,,,,,8/25/2010,45.91245,-83.58466,,,,,,VR2 W,,,,,,,,,,,,,,,,,,,,,,,ACTUAL,YES,DRMLT,69 kHz
348,DRM,124,,,,,8/25/2010,45.92819,-83.83811,,,,,,VR2 W,,,,,,,,,,,,,,,,,,,,,,,ACTUAL,YES,DRMLT,69 kHz
349,DRM,125,,,,,8/25/2010,45.91725,-83.84248,,,,,,VR2 W,,,,,,,,,,,,,,,,,,,,,,,ACTUAL,YES,DRMLT,69 kHz
350,DRM,126,,,,,8/25/2010,45.90804,-83.831,,,,,,VR2 W,,,,,,,,,,,,,,,,,,,,,,,ACTUAL,YES,DRMLT,69 kHz
351,DRM,127,,,,,8/25/2010,45.90163,-83.81941,,,,,,VR2 W,,,,,,,,,,,,,,,,,,,,,,,ACTUAL,YES,DRMLT,69 kHz
352,DRM,128,,,,,10/4/2010,45.92371,-83.76874,,,,,,VR2 W,,,,,,,,,,,,,,,,,,,,,,,ACTUAL,YES,DRMLT,69 kHz
353,DRM,129,,,,,10/4/2010,45.91479,-83.73607,,,,,,VR2 W,,,,,,,,,,,,,,,,,,,,,,,ACTUAL,YES,DRMLT,69 kHz
354,DRM,130,,,,,10/6/2010,45.91082,-83.60065,,,,,,VR2 W,,,,,,,,,,,,,,,,,,,,,,,ACTUAL,YES,DRMLT,69 kHz
355,DTR,001,,,,,8/27/2010,45.97745,-83.8974,,,,,,VR3 UWM,,,,,,,,,,,,,,,,,,,,,,,ACTUAL,YES,DRMLT,69 kHz
356,DTR,002,,,,,8/27/2010,45.97678,-83.88741,,,,,,VR3 UWM,,,,,,,,,,,,,,,,,,,,,,,ACTUAL,YES,DRMLT,69 kHz
357,DTR,003,,,,,8/27/2010,45.99793,-83.87854,,,,,,VR3 UWM,,,,,,,,,,,,,,,,,,,,,,,ACTUAL,YES,DRMLT,69 kHz
358,DTR,004,,,,,8/27/2010,45.99861,-83.8916,,,,,,VR3 UWM,,,,,,,,,,,,,,,,,,,,,,,ACTUAL,YES,DRMLT,69 kHz
359,FDT,001,,,,,8/24/2010,45.93014,-83.50204,,,,,,VR3 UWM,,,,,,,,,,,,,,,,,,,,,,,ACTUAL,YES,DRMLT,69 kHz
360,FDT,002,,,,,8/24/2010,45.92377,-83.48483,,,,,,VR3 UWM,,,,,,,,,,,,,,,,,,,,,,,ACTUAL,YES,DRMLT,69 kHz
361,FDT,003,,,,,8/24/2010,45.93794,-83.46884,,,,,,VR3 UWM,,,,,,,,,,,,,,,,,,,,,,,ACTUAL,YES,DRMLT,69 kHz
362,FDT,004,,,,,8/24/2010,45.94764,-83.48847,,,,,,VR3 UWM,,,,,,,,,,,,,,,,,,,,,,,ACTUAL,YES,DRMLT,69 kHz
363,MRS,001,,,,,9/1/2010,43.22963,-86.33411,,,,,,Sonotronics SUR,,,,,,,,,,,,,,,,,,,,,,,ACTUAL,NO,MRS,
364,MRS,002,,,,,9/1/2010,43.23178,-86.32678,,,,,,Sonotronics SUR,,,,,,,,,,,,,,,,,,,,,,,ACTUAL,NO,MRS,
365,MRS,003,,,,,5/1/2011,43.35561,-85.92938,,,,,,Sonotronics SUR,,,,,,,,,,,,,,,,,,,,,,,ACTUAL,YES,MRS,
366,MRS,004,,,,,5/1/2011,43.31402,-86.32768,,,,,,Sonotronics SUR,,,,,,,,,,,,,,,,,,,,,,,ACTUAL,YES,MRS,
367,MRS,005,,,,,5/1/2011,43.41223,-85.74175,,,,,,Sonotronics SUR,,,,,,,,,,,,,,,,,,,,,,,ACTUAL,YES,MRS,
368,MRS,006,,,,,5/1/2011,43.42075,-85.73516,,,,,,Sonotronics SUR,,,,,,,,,,,,,,,,,,,,,,,ACTUAL,YES,MRS,
369,MRS,007,,,,,5/1/2011,43.42129,-85.68906,,,,,,Sonotronics SUR,,,,,,,,,,,,,,,,,,,,,,,ACTUAL,YES,MRS,
370,CRS,002,,,,,1/1/2011,41.82361667,-87.64053333,,,,,,VR2 W,110228,,,,,,,,,,,,,,,69 kHz,,,,,,,ACTUAL,NO,CRSAC,69 kHz
371,CRS,003,,,,,1/1/2011,41.83993333,-87.70308333,,,,,,VR2 W,110658,,,,,,,,,,,,,,,69 kHz,,,,,,,ACTUAL,NO,CRSAC,69 kHz
372,CRS,004,,,,,1/1/2011,41.83471667,-87.6623,,,,,,VR2 W,110657,,,,,,,,,,,,,,,69 kHz,,,,,,,ACTUAL,NO,CRSAC,69 kHz
